r2,r2_baseline,r2_gain,rmse,mae,pearson,spearman,best_alpha,n_qubits,circuit_idx,circuit_rank,rfd_score
0.47552192211151123,0.475192666053772,0.0003292560577392578,0.716539757788163,0.55927973985672,0.6921628713607788,0.6807007722087173,0.1,6,10,1,16.149378984363786
0.4754868745803833,0.475192666053772,0.0002942085266113281,0.7165637143803124,0.5590591430664062,0.6921359300613403,0.6804940196818521,0.1,6,4,2,16.00784101539985
0.47557252645492554,0.475192666053772,0.00037986040115356445,0.7165051940016283,0.5591028332710266,0.6921901702880859,0.6810388294787836,0.1,6,3,3,15.945491786525762
0.4750933051109314,0.475192666053772,-9.936094284057617e-05,0.7168325056736323,0.559391975402832,0.6918877363204956,0.6807649608980555,0.1,8,8,1,21.606798410490793
0.475547730922699,0.475192666053772,0.00035506486892700195,0.716522164155708,0.5591521859169006,0.6921583414077759,0.6808144060996651,0.1,8,0,2,19.3554705707284
0.47527384757995605,0.475192666053772,8.118152618408203e-05,0.7167092251524178,0.559219479560852,0.691985011100769,0.6806918123399692,0.1,8,3,3,18.472678311310013
0.4751523733139038,0.475192666053772,-4.029273986816406e-05,0.7167921767743465,0.5594165325164795,0.69188392162323,0.6805004669948136,0.1,10,3,1,25.249322762075025
0.4757174253463745,0.475192666053772,0.0005247592926025391,0.716406193424335,0.5587673783302307,0.6922634840011597,0.6811977960389924,0.1,10,11,2,22.905247088174704
0.47424906492233276,0.475192666053772,-0.000943601131439209,0.7174087532186889,0.5599058866500854,0.6912411451339722,0.6797972713699068,0.1,10,2,3,21.62199866036961
