circuit_index,rank,r2,step,gate,qubits,n_qubits_involved
78,1,0.8487,0,t,1,1
78,1,0.8487,1,t,4,1
78,1,0.8487,2,t,3,1
78,1,0.8487,3,cx,"4,3",2
78,1,0.8487,4,t,4,1
78,1,0.8487,5,h,4,1
78,1,0.8487,6,cx,"3,4",2
78,1,0.8487,7,cx,"5,1",2
78,1,0.8487,8,t,3,1
78,1,0.8487,9,cx,"4,5",2
78,1,0.8487,10,cx,"4,5",2
78,1,0.8487,11,h,0,1
78,1,0.8487,12,cx,"5,1",2
78,1,0.8487,13,t,3,1
78,1,0.8487,14,t,0,1
78,1,0.8487,15,cx,"5,0",2
78,1,0.8487,16,h,5,1
78,1,0.8487,17,t,4,1
78,1,0.8487,18,t,2,1
78,1,0.8487,19,h,0,1
78,1,0.8487,20,cx,"2,5",2
78,1,0.8487,21,cx,"5,3",2
78,1,0.8487,22,t,0,1
78,1,0.8487,23,h,2,1
78,1,0.8487,24,cx,"2,1",2
78,1,0.8487,25,t,3,1
78,1,0.8487,26,cx,"1,4",2
78,1,0.8487,27,t,2,1
78,1,0.8487,28,cx,"5,3",2
78,1,0.8487,29,h,5,1
78,1,0.8487,30,t,4,1
78,1,0.8487,31,cx,"1,0",2
78,1,0.8487,32,h,3,1
78,1,0.8487,33,t,5,1
78,1,0.8487,34,t,5,1
78,1,0.8487,35,cx,"2,5",2
78,1,0.8487,36,h,3,1
78,1,0.8487,37,cx,"2,1",2
78,1,0.8487,38,t,4,1
78,1,0.8487,39,t,0,1
78,1,0.8487,40,cx,"5,4",2
78,1,0.8487,41,t,2,1
78,1,0.8487,42,cx,"2,0",2
78,1,0.8487,43,cx,"2,3",2
78,1,0.8487,44,h,4,1
78,1,0.8487,45,cx,"3,1",2
78,1,0.8487,46,cx,"5,2",2
78,1,0.8487,47,h,2,1
78,1,0.8487,48,t,2,1
78,1,0.8487,49,cx,"0,3",2
78,1,0.8487,50,cx,"0,5",2
78,1,0.8487,51,h,3,1
78,1,0.8487,52,h,4,1
78,1,0.8487,53,cx,"1,3",2
78,1,0.8487,54,t,2,1
78,1,0.8487,55,h,0,1
78,1,0.8487,56,h,2,1
78,1,0.8487,57,t,5,1
78,1,0.8487,58,h,5,1
78,1,0.8487,59,t,5,1
87,2,0.84,0,h,1,1
87,2,0.84,1,h,5,1
87,2,0.84,2,t,5,1
87,2,0.84,3,h,5,1
87,2,0.84,4,t,4,1
87,2,0.84,5,h,1,1
87,2,0.84,6,h,4,1
87,2,0.84,7,h,4,1
87,2,0.84,8,cx,"5,2",2
87,2,0.84,9,cx,"0,5",2
87,2,0.84,10,h,1,1
87,2,0.84,11,t,1,1
87,2,0.84,12,cx,"2,3",2
87,2,0.84,13,t,5,1
87,2,0.84,14,h,1,1
87,2,0.84,15,h,1,1
87,2,0.84,16,cx,"0,4",2
87,2,0.84,17,h,4,1
87,2,0.84,18,h,4,1
87,2,0.84,19,h,0,1
87,2,0.84,20,h,3,1
87,2,0.84,21,cx,"1,3",2
87,2,0.84,22,h,2,1
87,2,0.84,23,h,1,1
87,2,0.84,24,t,3,1
87,2,0.84,25,t,1,1
87,2,0.84,26,t,1,1
87,2,0.84,27,t,0,1
87,2,0.84,28,h,5,1
87,2,0.84,29,cx,"2,4",2
87,2,0.84,30,h,5,1
87,2,0.84,31,t,1,1
87,2,0.84,32,h,0,1
87,2,0.84,33,h,4,1
87,2,0.84,34,h,2,1
87,2,0.84,35,cx,"5,3",2
87,2,0.84,36,h,2,1
87,2,0.84,37,t,5,1
87,2,0.84,38,t,0,1
87,2,0.84,39,h,1,1
87,2,0.84,40,h,3,1
87,2,0.84,41,t,1,1
87,2,0.84,42,cx,"1,2",2
87,2,0.84,43,h,0,1
87,2,0.84,44,t,5,1
87,2,0.84,45,cx,"2,1",2
87,2,0.84,46,cx,"5,2",2
87,2,0.84,47,t,4,1
87,2,0.84,48,h,4,1
87,2,0.84,49,cx,"3,2",2
87,2,0.84,50,t,0,1
87,2,0.84,51,cx,"4,2",2
87,2,0.84,52,h,2,1
87,2,0.84,53,cx,"1,4",2
87,2,0.84,54,h,2,1
87,2,0.84,55,h,2,1
87,2,0.84,56,cx,"1,5",2
87,2,0.84,57,cx,"0,5",2
87,2,0.84,58,t,3,1
87,2,0.84,59,t,4,1
59,3,0.8605,0,t,0,1
59,3,0.8605,1,cx,"2,3",2
59,3,0.8605,2,cx,"3,1",2
59,3,0.8605,3,h,4,1
59,3,0.8605,4,cx,"5,2",2
59,3,0.8605,5,h,4,1
59,3,0.8605,6,h,0,1
59,3,0.8605,7,t,3,1
59,3,0.8605,8,h,0,1
59,3,0.8605,9,t,1,1
59,3,0.8605,10,h,4,1
59,3,0.8605,11,h,4,1
59,3,0.8605,12,cx,"2,0",2
59,3,0.8605,13,h,5,1
59,3,0.8605,14,h,4,1
59,3,0.8605,15,h,0,1
59,3,0.8605,16,cx,"4,3",2
59,3,0.8605,17,cx,"2,1",2
59,3,0.8605,18,t,1,1
59,3,0.8605,19,t,2,1
59,3,0.8605,20,h,0,1
59,3,0.8605,21,cx,"0,1",2
59,3,0.8605,22,h,2,1
59,3,0.8605,23,cx,"1,3",2
59,3,0.8605,24,h,1,1
59,3,0.8605,25,cx,"0,5",2
59,3,0.8605,26,h,5,1
59,3,0.8605,27,t,5,1
59,3,0.8605,28,h,3,1
59,3,0.8605,29,cx,"1,0",2
59,3,0.8605,30,h,4,1
59,3,0.8605,31,h,4,1
59,3,0.8605,32,h,1,1
59,3,0.8605,33,cx,"3,5",2
59,3,0.8605,34,cx,"0,2",2
59,3,0.8605,35,t,4,1
59,3,0.8605,36,t,5,1
59,3,0.8605,37,cx,"1,4",2
59,3,0.8605,38,t,2,1
59,3,0.8605,39,h,3,1
59,3,0.8605,40,h,0,1
59,3,0.8605,41,cx,"0,2",2
59,3,0.8605,42,h,5,1
59,3,0.8605,43,h,4,1
59,3,0.8605,44,cx,"3,2",2
59,3,0.8605,45,t,4,1
59,3,0.8605,46,t,2,1
59,3,0.8605,47,h,0,1
59,3,0.8605,48,t,1,1
59,3,0.8605,49,t,2,1
59,3,0.8605,50,h,2,1
59,3,0.8605,51,h,3,1
59,3,0.8605,52,cx,"4,2",2
59,3,0.8605,53,cx,"5,2",2
59,3,0.8605,54,h,3,1
59,3,0.8605,55,h,5,1
59,3,0.8605,56,h,5,1
59,3,0.8605,57,cx,"5,3",2
59,3,0.8605,58,t,1,1
59,3,0.8605,59,cx,"2,5",2
31,4,0.8342,0,t,5,1
31,4,0.8342,1,t,0,1
31,4,0.8342,2,cx,"4,2",2
31,4,0.8342,3,h,5,1
31,4,0.8342,4,h,3,1
31,4,0.8342,5,t,3,1
31,4,0.8342,6,h,3,1
31,4,0.8342,7,h,2,1
31,4,0.8342,8,h,1,1
31,4,0.8342,9,cx,"0,3",2
31,4,0.8342,10,t,5,1
31,4,0.8342,11,h,2,1
31,4,0.8342,12,h,3,1
31,4,0.8342,13,cx,"4,0",2
31,4,0.8342,14,t,1,1
31,4,0.8342,15,h,2,1
31,4,0.8342,16,h,4,1
31,4,0.8342,17,cx,"1,0",2
31,4,0.8342,18,h,1,1
31,4,0.8342,19,t,0,1
31,4,0.8342,20,h,1,1
31,4,0.8342,21,h,2,1
31,4,0.8342,22,cx,"0,1",2
31,4,0.8342,23,h,1,1
31,4,0.8342,24,h,3,1
31,4,0.8342,25,cx,"5,0",2
31,4,0.8342,26,h,0,1
31,4,0.8342,27,h,3,1
31,4,0.8342,28,h,5,1
31,4,0.8342,29,h,3,1
31,4,0.8342,30,h,1,1
31,4,0.8342,31,t,3,1
31,4,0.8342,32,t,0,1
31,4,0.8342,33,t,1,1
31,4,0.8342,34,t,2,1
31,4,0.8342,35,h,0,1
31,4,0.8342,36,h,0,1
31,4,0.8342,37,t,1,1
31,4,0.8342,38,t,0,1
31,4,0.8342,39,cx,"5,3",2
31,4,0.8342,40,t,4,1
31,4,0.8342,41,cx,"0,4",2
31,4,0.8342,42,t,4,1
31,4,0.8342,43,h,4,1
31,4,0.8342,44,h,0,1
31,4,0.8342,45,t,0,1
31,4,0.8342,46,h,4,1
31,4,0.8342,47,cx,"3,0",2
31,4,0.8342,48,t,1,1
31,4,0.8342,49,h,5,1
31,4,0.8342,50,t,4,1
31,4,0.8342,51,h,1,1
31,4,0.8342,52,t,4,1
31,4,0.8342,53,h,1,1
31,4,0.8342,54,h,1,1
31,4,0.8342,55,t,2,1
31,4,0.8342,56,h,0,1
31,4,0.8342,57,h,5,1
31,4,0.8342,58,cx,"2,0",2
31,4,0.8342,59,t,4,1
91,5,0.8379,0,cx,"4,2",2
91,5,0.8379,1,t,4,1
91,5,0.8379,2,t,2,1
91,5,0.8379,3,t,5,1
91,5,0.8379,4,cx,"3,2",2
91,5,0.8379,5,cx,"4,5",2
91,5,0.8379,6,t,3,1
91,5,0.8379,7,t,1,1
91,5,0.8379,8,h,4,1
91,5,0.8379,9,h,3,1
91,5,0.8379,10,cx,"0,3",2
91,5,0.8379,11,h,2,1
91,5,0.8379,12,h,2,1
91,5,0.8379,13,h,1,1
91,5,0.8379,14,cx,"5,1",2
91,5,0.8379,15,t,5,1
91,5,0.8379,16,cx,"3,4",2
91,5,0.8379,17,t,3,1
91,5,0.8379,18,h,2,1
91,5,0.8379,19,t,2,1
91,5,0.8379,20,cx,"1,3",2
91,5,0.8379,21,t,1,1
91,5,0.8379,22,t,5,1
91,5,0.8379,23,t,3,1
91,5,0.8379,24,h,1,1
91,5,0.8379,25,cx,"4,1",2
91,5,0.8379,26,t,3,1
91,5,0.8379,27,h,3,1
91,5,0.8379,28,h,5,1
91,5,0.8379,29,t,4,1
91,5,0.8379,30,cx,"3,2",2
91,5,0.8379,31,cx,"4,1",2
91,5,0.8379,32,h,3,1
91,5,0.8379,33,h,5,1
91,5,0.8379,34,cx,"1,2",2
91,5,0.8379,35,t,3,1
91,5,0.8379,36,t,1,1
91,5,0.8379,37,cx,"0,1",2
91,5,0.8379,38,t,0,1
91,5,0.8379,39,t,3,1
91,5,0.8379,40,h,1,1
91,5,0.8379,41,t,4,1
91,5,0.8379,42,cx,"5,4",2
91,5,0.8379,43,h,4,1
91,5,0.8379,44,h,2,1
91,5,0.8379,45,cx,"1,4",2
91,5,0.8379,46,cx,"0,4",2
91,5,0.8379,47,cx,"0,5",2
91,5,0.8379,48,t,0,1
91,5,0.8379,49,h,4,1
91,5,0.8379,50,h,4,1
91,5,0.8379,51,t,2,1
91,5,0.8379,52,h,2,1
91,5,0.8379,53,t,3,1
91,5,0.8379,54,h,0,1
91,5,0.8379,55,cx,"4,5",2
91,5,0.8379,56,t,2,1
91,5,0.8379,57,cx,"0,2",2
91,5,0.8379,58,h,0,1
91,5,0.8379,59,h,3,1
55,6,0.8483,0,h,4,1
55,6,0.8483,1,cx,"5,4",2
55,6,0.8483,2,cx,"1,2",2
55,6,0.8483,3,h,4,1
55,6,0.8483,4,h,0,1
55,6,0.8483,5,h,0,1
55,6,0.8483,6,t,2,1
55,6,0.8483,7,h,2,1
55,6,0.8483,8,t,3,1
55,6,0.8483,9,h,3,1
55,6,0.8483,10,t,1,1
55,6,0.8483,11,t,0,1
55,6,0.8483,12,h,2,1
55,6,0.8483,13,h,0,1
55,6,0.8483,14,h,0,1
55,6,0.8483,15,h,1,1
55,6,0.8483,16,h,0,1
55,6,0.8483,17,t,4,1
55,6,0.8483,18,t,2,1
55,6,0.8483,19,cx,"3,4",2
55,6,0.8483,20,h,2,1
55,6,0.8483,21,t,3,1
55,6,0.8483,22,h,0,1
55,6,0.8483,23,cx,"0,2",2
55,6,0.8483,24,cx,"5,0",2
55,6,0.8483,25,cx,"0,4",2
55,6,0.8483,26,h,2,1
55,6,0.8483,27,t,5,1
55,6,0.8483,28,cx,"4,1",2
55,6,0.8483,29,h,4,1
55,6,0.8483,30,t,2,1
55,6,0.8483,31,h,3,1
55,6,0.8483,32,t,3,1
55,6,0.8483,33,t,2,1
55,6,0.8483,34,t,4,1
55,6,0.8483,35,t,4,1
55,6,0.8483,36,cx,"2,1",2
55,6,0.8483,37,t,2,1
55,6,0.8483,38,h,3,1
55,6,0.8483,39,cx,"5,3",2
55,6,0.8483,40,h,0,1
55,6,0.8483,41,t,1,1
55,6,0.8483,42,h,0,1
55,6,0.8483,43,cx,"2,0",2
55,6,0.8483,44,t,1,1
55,6,0.8483,45,t,4,1
55,6,0.8483,46,t,1,1
55,6,0.8483,47,h,3,1
55,6,0.8483,48,cx,"3,5",2
55,6,0.8483,49,cx,"2,4",2
55,6,0.8483,50,h,1,1
55,6,0.8483,51,t,5,1
55,6,0.8483,52,cx,"3,1",2
55,6,0.8483,53,t,5,1
55,6,0.8483,54,cx,"4,2",2
55,6,0.8483,55,h,0,1
55,6,0.8483,56,t,1,1
55,6,0.8483,57,cx,"0,5",2
55,6,0.8483,58,t,4,1
55,6,0.8483,59,cx,"5,1",2
56,7,0.8523,0,h,2,1
56,7,0.8523,1,h,2,1
56,7,0.8523,2,cx,"1,4",2
56,7,0.8523,3,h,2,1
56,7,0.8523,4,cx,"3,4",2
56,7,0.8523,5,h,4,1
56,7,0.8523,6,cx,"2,0",2
56,7,0.8523,7,t,5,1
56,7,0.8523,8,cx,"3,4",2
56,7,0.8523,9,h,1,1
56,7,0.8523,10,t,3,1
56,7,0.8523,11,h,3,1
56,7,0.8523,12,cx,"5,2",2
56,7,0.8523,13,h,4,1
56,7,0.8523,14,h,0,1
56,7,0.8523,15,t,3,1
56,7,0.8523,16,cx,"1,4",2
56,7,0.8523,17,t,4,1
56,7,0.8523,18,t,5,1
56,7,0.8523,19,cx,"2,1",2
56,7,0.8523,20,h,2,1
56,7,0.8523,21,t,5,1
56,7,0.8523,22,cx,"5,1",2
56,7,0.8523,23,h,5,1
56,7,0.8523,24,t,1,1
56,7,0.8523,25,cx,"2,1",2
56,7,0.8523,26,cx,"2,5",2
56,7,0.8523,27,cx,"0,1",2
56,7,0.8523,28,h,5,1
56,7,0.8523,29,h,1,1
56,7,0.8523,30,t,0,1
56,7,0.8523,31,cx,"1,0",2
56,7,0.8523,32,cx,"4,3",2
56,7,0.8523,33,h,3,1
56,7,0.8523,34,t,1,1
56,7,0.8523,35,cx,"5,1",2
56,7,0.8523,36,t,2,1
56,7,0.8523,37,h,5,1
56,7,0.8523,38,t,3,1
56,7,0.8523,39,t,2,1
56,7,0.8523,40,t,4,1
56,7,0.8523,41,t,5,1
56,7,0.8523,42,t,5,1
56,7,0.8523,43,cx,"0,4",2
56,7,0.8523,44,h,4,1
56,7,0.8523,45,t,1,1
56,7,0.8523,46,t,0,1
56,7,0.8523,47,cx,"5,3",2
56,7,0.8523,48,h,4,1
56,7,0.8523,49,t,4,1
56,7,0.8523,50,t,0,1
56,7,0.8523,51,t,3,1
56,7,0.8523,52,t,5,1
56,7,0.8523,53,h,4,1
56,7,0.8523,54,h,1,1
56,7,0.8523,55,t,1,1
56,7,0.8523,56,t,4,1
56,7,0.8523,57,h,3,1
56,7,0.8523,58,t,4,1
56,7,0.8523,59,t,4,1
33,8,0.8273,0,t,2,1
33,8,0.8273,1,t,0,1
33,8,0.8273,2,cx,"5,4",2
33,8,0.8273,3,h,0,1
33,8,0.8273,4,h,5,1
33,8,0.8273,5,h,1,1
33,8,0.8273,6,t,5,1
33,8,0.8273,7,t,2,1
33,8,0.8273,8,t,4,1
33,8,0.8273,9,t,2,1
33,8,0.8273,10,cx,"0,5",2
33,8,0.8273,11,h,4,1
33,8,0.8273,12,t,5,1
33,8,0.8273,13,h,2,1
33,8,0.8273,14,h,1,1
33,8,0.8273,15,h,4,1
33,8,0.8273,16,cx,"4,5",2
33,8,0.8273,17,cx,"5,4",2
33,8,0.8273,18,h,4,1
33,8,0.8273,19,cx,"4,2",2
33,8,0.8273,20,h,5,1
33,8,0.8273,21,cx,"5,1",2
33,8,0.8273,22,t,5,1
33,8,0.8273,23,h,1,1
33,8,0.8273,24,t,4,1
33,8,0.8273,25,h,0,1
33,8,0.8273,26,t,1,1
33,8,0.8273,27,cx,"0,1",2
33,8,0.8273,28,cx,"4,5",2
33,8,0.8273,29,h,0,1
33,8,0.8273,30,h,2,1
33,8,0.8273,31,t,1,1
33,8,0.8273,32,t,1,1
33,8,0.8273,33,cx,"5,4",2
33,8,0.8273,34,h,1,1
33,8,0.8273,35,cx,"3,5",2
33,8,0.8273,36,t,3,1
33,8,0.8273,37,t,0,1
33,8,0.8273,38,h,1,1
33,8,0.8273,39,h,2,1
33,8,0.8273,40,h,3,1
33,8,0.8273,41,cx,"0,2",2
33,8,0.8273,42,t,1,1
33,8,0.8273,43,t,3,1
33,8,0.8273,44,t,3,1
33,8,0.8273,45,cx,"1,5",2
33,8,0.8273,46,h,3,1
33,8,0.8273,47,cx,"4,2",2
33,8,0.8273,48,cx,"1,5",2
33,8,0.8273,49,cx,"1,3",2
33,8,0.8273,50,h,0,1
33,8,0.8273,51,h,2,1
33,8,0.8273,52,cx,"4,1",2
33,8,0.8273,53,cx,"0,5",2
33,8,0.8273,54,cx,"2,4",2
33,8,0.8273,55,t,4,1
33,8,0.8273,56,cx,"1,3",2
33,8,0.8273,57,h,0,1
33,8,0.8273,58,h,1,1
33,8,0.8273,59,cx,"5,1",2
50,9,0.8387,0,t,2,1
50,9,0.8387,1,h,4,1
50,9,0.8387,2,cx,"0,2",2
50,9,0.8387,3,h,3,1
50,9,0.8387,4,cx,"1,4",2
50,9,0.8387,5,t,3,1
50,9,0.8387,6,cx,"0,2",2
50,9,0.8387,7,t,1,1
50,9,0.8387,8,t,4,1
50,9,0.8387,9,t,2,1
50,9,0.8387,10,cx,"2,4",2
50,9,0.8387,11,cx,"5,0",2
50,9,0.8387,12,h,4,1
50,9,0.8387,13,cx,"3,1",2
50,9,0.8387,14,t,4,1
50,9,0.8387,15,h,3,1
50,9,0.8387,16,t,2,1
50,9,0.8387,17,t,5,1
50,9,0.8387,18,h,2,1
50,9,0.8387,19,t,3,1
50,9,0.8387,20,cx,"1,0",2
50,9,0.8387,21,h,3,1
50,9,0.8387,22,t,0,1
50,9,0.8387,23,cx,"5,0",2
50,9,0.8387,24,h,5,1
50,9,0.8387,25,cx,"1,0",2
50,9,0.8387,26,cx,"1,0",2
50,9,0.8387,27,t,3,1
50,9,0.8387,28,cx,"4,0",2
50,9,0.8387,29,t,0,1
50,9,0.8387,30,t,4,1
50,9,0.8387,31,cx,"0,3",2
50,9,0.8387,32,cx,"5,3",2
50,9,0.8387,33,cx,"3,0",2
50,9,0.8387,34,h,5,1
50,9,0.8387,35,h,0,1
50,9,0.8387,36,h,2,1
50,9,0.8387,37,t,3,1
50,9,0.8387,38,t,5,1
50,9,0.8387,39,h,3,1
50,9,0.8387,40,h,4,1
50,9,0.8387,41,cx,"4,2",2
50,9,0.8387,42,cx,"0,2",2
50,9,0.8387,43,cx,"5,3",2
50,9,0.8387,44,h,5,1
50,9,0.8387,45,t,4,1
50,9,0.8387,46,cx,"1,3",2
50,9,0.8387,47,cx,"5,1",2
50,9,0.8387,48,t,2,1
50,9,0.8387,49,t,0,1
50,9,0.8387,50,h,2,1
50,9,0.8387,51,t,3,1
50,9,0.8387,52,t,5,1
50,9,0.8387,53,cx,"0,2",2
50,9,0.8387,54,t,1,1
50,9,0.8387,55,t,1,1
50,9,0.8387,56,h,5,1
50,9,0.8387,57,t,4,1
50,9,0.8387,58,h,3,1
50,9,0.8387,59,h,5,1
94,10,0.8453,0,cx,"2,4",2
94,10,0.8453,1,cx,"2,0",2
94,10,0.8453,2,cx,"3,5",2
94,10,0.8453,3,h,2,1
94,10,0.8453,4,t,5,1
94,10,0.8453,5,h,5,1
94,10,0.8453,6,t,0,1
94,10,0.8453,7,t,5,1
94,10,0.8453,8,cx,"3,5",2
94,10,0.8453,9,h,3,1
94,10,0.8453,10,t,4,1
94,10,0.8453,11,cx,"0,3",2
94,10,0.8453,12,t,5,1
94,10,0.8453,13,cx,"3,4",2
94,10,0.8453,14,t,1,1
94,10,0.8453,15,cx,"0,1",2
94,10,0.8453,16,t,5,1
94,10,0.8453,17,cx,"5,2",2
94,10,0.8453,18,cx,"4,0",2
94,10,0.8453,19,h,2,1
94,10,0.8453,20,h,2,1
94,10,0.8453,21,cx,"4,2",2
94,10,0.8453,22,cx,"2,4",2
94,10,0.8453,23,t,4,1
94,10,0.8453,24,t,0,1
94,10,0.8453,25,t,2,1
94,10,0.8453,26,h,0,1
94,10,0.8453,27,t,5,1
94,10,0.8453,28,cx,"1,5",2
94,10,0.8453,29,t,5,1
94,10,0.8453,30,t,4,1
94,10,0.8453,31,t,3,1
94,10,0.8453,32,t,3,1
94,10,0.8453,33,t,3,1
94,10,0.8453,34,cx,"0,3",2
94,10,0.8453,35,h,0,1
94,10,0.8453,36,t,1,1
94,10,0.8453,37,cx,"4,3",2
94,10,0.8453,38,t,0,1
94,10,0.8453,39,h,0,1
94,10,0.8453,40,h,3,1
94,10,0.8453,41,h,3,1
94,10,0.8453,42,h,1,1
94,10,0.8453,43,t,0,1
94,10,0.8453,44,cx,"1,0",2
94,10,0.8453,45,cx,"4,0",2
94,10,0.8453,46,cx,"0,3",2
94,10,0.8453,47,h,0,1
94,10,0.8453,48,h,0,1
94,10,0.8453,49,t,2,1
94,10,0.8453,50,h,0,1
94,10,0.8453,51,t,4,1
94,10,0.8453,52,cx,"1,5",2
94,10,0.8453,53,cx,"3,4",2
94,10,0.8453,54,t,0,1
94,10,0.8453,55,h,5,1
94,10,0.8453,56,h,2,1
94,10,0.8453,57,t,5,1
94,10,0.8453,58,t,3,1
94,10,0.8453,59,h,2,1
5,11,0.8653,0,cx,"0,3",2
5,11,0.8653,1,cx,"1,2",2
5,11,0.8653,2,cx,"5,0",2
5,11,0.8653,3,t,5,1
5,11,0.8653,4,cx,"4,2",2
5,11,0.8653,5,t,4,1
5,11,0.8653,6,h,4,1
5,11,0.8653,7,h,4,1
5,11,0.8653,8,cx,"5,3",2
5,11,0.8653,9,cx,"1,5",2
5,11,0.8653,10,h,5,1
5,11,0.8653,11,cx,"1,4",2
5,11,0.8653,12,h,1,1
5,11,0.8653,13,t,2,1
5,11,0.8653,14,t,0,1
5,11,0.8653,15,cx,"3,0",2
5,11,0.8653,16,h,0,1
5,11,0.8653,17,h,5,1
5,11,0.8653,18,t,4,1
5,11,0.8653,19,cx,"0,4",2
5,11,0.8653,20,h,1,1
5,11,0.8653,21,cx,"2,4",2
5,11,0.8653,22,t,0,1
5,11,0.8653,23,t,2,1
5,11,0.8653,24,t,1,1
5,11,0.8653,25,h,4,1
5,11,0.8653,26,cx,"1,0",2
5,11,0.8653,27,h,4,1
5,11,0.8653,28,cx,"3,5",2
5,11,0.8653,29,h,3,1
5,11,0.8653,30,h,2,1
5,11,0.8653,31,t,1,1
5,11,0.8653,32,cx,"1,3",2
5,11,0.8653,33,cx,"5,2",2
5,11,0.8653,34,t,3,1
5,11,0.8653,35,t,1,1
5,11,0.8653,36,h,0,1
5,11,0.8653,37,h,5,1
5,11,0.8653,38,t,3,1
5,11,0.8653,39,cx,"5,4",2
5,11,0.8653,40,cx,"3,5",2
5,11,0.8653,41,cx,"4,2",2
5,11,0.8653,42,h,1,1
5,11,0.8653,43,h,3,1
5,11,0.8653,44,t,1,1
5,11,0.8653,45,h,4,1
5,11,0.8653,46,h,0,1
5,11,0.8653,47,t,4,1
5,11,0.8653,48,cx,"1,5",2
5,11,0.8653,49,t,3,1
5,11,0.8653,50,t,2,1
5,11,0.8653,51,h,5,1
5,11,0.8653,52,h,4,1
5,11,0.8653,53,cx,"5,2",2
5,11,0.8653,54,cx,"3,2",2
5,11,0.8653,55,cx,"5,1",2
5,11,0.8653,56,t,5,1
5,11,0.8653,57,cx,"4,2",2
5,11,0.8653,58,cx,"3,0",2
5,11,0.8653,59,cx,"0,4",2
15,12,0.8573,0,h,5,1
15,12,0.8573,1,t,3,1
15,12,0.8573,2,h,2,1
15,12,0.8573,3,cx,"4,3",2
15,12,0.8573,4,t,1,1
15,12,0.8573,5,cx,"0,3",2
15,12,0.8573,6,cx,"4,3",2
15,12,0.8573,7,cx,"1,0",2
15,12,0.8573,8,cx,"1,0",2
15,12,0.8573,9,cx,"3,0",2
15,12,0.8573,10,t,4,1
15,12,0.8573,11,cx,"5,4",2
15,12,0.8573,12,cx,"0,1",2
15,12,0.8573,13,t,0,1
15,12,0.8573,14,cx,"2,0",2
15,12,0.8573,15,cx,"5,3",2
15,12,0.8573,16,t,0,1
15,12,0.8573,17,t,5,1
15,12,0.8573,18,t,0,1
15,12,0.8573,19,cx,"5,1",2
15,12,0.8573,20,cx,"2,3",2
15,12,0.8573,21,h,1,1
15,12,0.8573,22,t,0,1
15,12,0.8573,23,t,1,1
15,12,0.8573,24,t,4,1
15,12,0.8573,25,cx,"0,5",2
15,12,0.8573,26,cx,"0,2",2
15,12,0.8573,27,t,4,1
15,12,0.8573,28,t,5,1
15,12,0.8573,29,t,4,1
15,12,0.8573,30,h,2,1
15,12,0.8573,31,t,5,1
15,12,0.8573,32,cx,"1,3",2
15,12,0.8573,33,cx,"5,3",2
15,12,0.8573,34,h,4,1
15,12,0.8573,35,cx,"1,5",2
15,12,0.8573,36,h,0,1
15,12,0.8573,37,cx,"4,5",2
15,12,0.8573,38,h,5,1
15,12,0.8573,39,cx,"5,3",2
15,12,0.8573,40,h,5,1
15,12,0.8573,41,cx,"0,3",2
15,12,0.8573,42,h,5,1
15,12,0.8573,43,h,1,1
15,12,0.8573,44,cx,"5,2",2
15,12,0.8573,45,h,0,1
15,12,0.8573,46,cx,"3,2",2
15,12,0.8573,47,h,3,1
15,12,0.8573,48,t,1,1
15,12,0.8573,49,t,4,1
15,12,0.8573,50,t,3,1
15,12,0.8573,51,cx,"0,3",2
15,12,0.8573,52,cx,"2,4",2
15,12,0.8573,53,t,0,1
15,12,0.8573,54,h,0,1
15,12,0.8573,55,h,0,1
15,12,0.8573,56,t,3,1
15,12,0.8573,57,h,2,1
15,12,0.8573,58,h,4,1
15,12,0.8573,59,t,4,1
70,13,0.859,0,h,0,1
70,13,0.859,1,cx,"0,2",2
70,13,0.859,2,cx,"5,0",2
70,13,0.859,3,t,5,1
70,13,0.859,4,t,0,1
70,13,0.859,5,cx,"5,1",2
70,13,0.859,6,h,0,1
70,13,0.859,7,t,2,1
70,13,0.859,8,t,0,1
70,13,0.859,9,cx,"1,5",2
70,13,0.859,10,h,2,1
70,13,0.859,11,h,0,1
70,13,0.859,12,h,3,1
70,13,0.859,13,t,5,1
70,13,0.859,14,t,3,1
70,13,0.859,15,h,0,1
70,13,0.859,16,cx,"5,3",2
70,13,0.859,17,t,1,1
70,13,0.859,18,t,0,1
70,13,0.859,19,cx,"5,0",2
70,13,0.859,20,h,2,1
70,13,0.859,21,t,0,1
70,13,0.859,22,cx,"0,5",2
70,13,0.859,23,t,4,1
70,13,0.859,24,cx,"4,1",2
70,13,0.859,25,h,1,1
70,13,0.859,26,cx,"1,4",2
70,13,0.859,27,cx,"3,5",2
70,13,0.859,28,cx,"0,4",2
70,13,0.859,29,t,5,1
70,13,0.859,30,cx,"2,4",2
70,13,0.859,31,h,3,1
70,13,0.859,32,h,3,1
70,13,0.859,33,cx,"3,1",2
70,13,0.859,34,t,4,1
70,13,0.859,35,h,1,1
70,13,0.859,36,h,1,1
70,13,0.859,37,cx,"1,2",2
70,13,0.859,38,t,2,1
70,13,0.859,39,cx,"5,2",2
70,13,0.859,40,t,2,1
70,13,0.859,41,cx,"5,3",2
70,13,0.859,42,t,5,1
70,13,0.859,43,h,3,1
70,13,0.859,44,h,2,1
70,13,0.859,45,cx,"2,4",2
70,13,0.859,46,h,4,1
70,13,0.859,47,h,1,1
70,13,0.859,48,t,0,1
70,13,0.859,49,cx,"1,3",2
70,13,0.859,50,t,5,1
70,13,0.859,51,t,4,1
70,13,0.859,52,h,0,1
70,13,0.859,53,cx,"0,5",2
70,13,0.859,54,cx,"4,1",2
70,13,0.859,55,cx,"3,0",2
70,13,0.859,56,t,4,1
70,13,0.859,57,h,1,1
70,13,0.859,58,t,5,1
70,13,0.859,59,t,0,1
14,14,0.8479,0,h,1,1
14,14,0.8479,1,t,1,1
14,14,0.8479,2,h,1,1
14,14,0.8479,3,t,3,1
14,14,0.8479,4,cx,"5,2",2
14,14,0.8479,5,cx,"2,1",2
14,14,0.8479,6,h,5,1
14,14,0.8479,7,t,5,1
14,14,0.8479,8,t,5,1
14,14,0.8479,9,cx,"5,1",2
14,14,0.8479,10,h,1,1
14,14,0.8479,11,h,1,1
14,14,0.8479,12,h,5,1
14,14,0.8479,13,h,2,1
14,14,0.8479,14,cx,"0,4",2
14,14,0.8479,15,t,5,1
14,14,0.8479,16,h,2,1
14,14,0.8479,17,cx,"0,5",2
14,14,0.8479,18,h,1,1
14,14,0.8479,19,cx,"2,5",2
14,14,0.8479,20,h,5,1
14,14,0.8479,21,t,0,1
14,14,0.8479,22,t,5,1
14,14,0.8479,23,cx,"5,1",2
14,14,0.8479,24,h,2,1
14,14,0.8479,25,t,4,1
14,14,0.8479,26,t,4,1
14,14,0.8479,27,h,0,1
14,14,0.8479,28,t,5,1
14,14,0.8479,29,cx,"1,5",2
14,14,0.8479,30,h,5,1
14,14,0.8479,31,cx,"5,0",2
14,14,0.8479,32,h,3,1
14,14,0.8479,33,t,3,1
14,14,0.8479,34,cx,"4,2",2
14,14,0.8479,35,cx,"4,0",2
14,14,0.8479,36,h,4,1
14,14,0.8479,37,h,3,1
14,14,0.8479,38,cx,"3,0",2
14,14,0.8479,39,t,5,1
14,14,0.8479,40,t,1,1
14,14,0.8479,41,t,5,1
14,14,0.8479,42,h,4,1
14,14,0.8479,43,cx,"3,5",2
14,14,0.8479,44,t,0,1
14,14,0.8479,45,h,4,1
14,14,0.8479,46,h,1,1
14,14,0.8479,47,cx,"1,4",2
14,14,0.8479,48,h,4,1
14,14,0.8479,49,cx,"4,0",2
14,14,0.8479,50,t,0,1
14,14,0.8479,51,h,2,1
14,14,0.8479,52,cx,"4,5",2
14,14,0.8479,53,h,4,1
14,14,0.8479,54,cx,"2,3",2
14,14,0.8479,55,h,2,1
14,14,0.8479,56,cx,"5,0",2
14,14,0.8479,57,t,0,1
14,14,0.8479,58,h,0,1
14,14,0.8479,59,h,0,1
66,15,0.8699,0,h,5,1
66,15,0.8699,1,t,0,1
66,15,0.8699,2,h,5,1
66,15,0.8699,3,cx,"1,2",2
66,15,0.8699,4,t,3,1
66,15,0.8699,5,t,3,1
66,15,0.8699,6,t,2,1
66,15,0.8699,7,cx,"5,4",2
66,15,0.8699,8,cx,"2,5",2
66,15,0.8699,9,cx,"1,0",2
66,15,0.8699,10,h,4,1
66,15,0.8699,11,t,2,1
66,15,0.8699,12,h,5,1
66,15,0.8699,13,t,3,1
66,15,0.8699,14,cx,"3,1",2
66,15,0.8699,15,h,0,1
66,15,0.8699,16,h,2,1
66,15,0.8699,17,t,5,1
66,15,0.8699,18,h,4,1
66,15,0.8699,19,cx,"1,5",2
66,15,0.8699,20,h,2,1
66,15,0.8699,21,h,1,1
66,15,0.8699,22,t,1,1
66,15,0.8699,23,h,0,1
66,15,0.8699,24,h,0,1
66,15,0.8699,25,h,0,1
66,15,0.8699,26,h,1,1
66,15,0.8699,27,t,1,1
66,15,0.8699,28,h,5,1
66,15,0.8699,29,h,4,1
66,15,0.8699,30,t,4,1
66,15,0.8699,31,h,2,1
66,15,0.8699,32,h,5,1
66,15,0.8699,33,t,2,1
66,15,0.8699,34,cx,"3,0",2
66,15,0.8699,35,cx,"0,3",2
66,15,0.8699,36,h,3,1
66,15,0.8699,37,t,3,1
66,15,0.8699,38,t,0,1
66,15,0.8699,39,h,3,1
66,15,0.8699,40,cx,"0,5",2
66,15,0.8699,41,t,3,1
66,15,0.8699,42,cx,"5,4",2
66,15,0.8699,43,t,2,1
66,15,0.8699,44,t,1,1
66,15,0.8699,45,cx,"3,4",2
66,15,0.8699,46,t,3,1
66,15,0.8699,47,cx,"0,5",2
66,15,0.8699,48,cx,"1,5",2
66,15,0.8699,49,h,1,1
66,15,0.8699,50,t,3,1
66,15,0.8699,51,cx,"0,4",2
66,15,0.8699,52,cx,"2,3",2
66,15,0.8699,53,h,0,1
66,15,0.8699,54,t,2,1
66,15,0.8699,55,cx,"1,2",2
66,15,0.8699,56,cx,"3,5",2
66,15,0.8699,57,t,3,1
66,15,0.8699,58,h,4,1
66,15,0.8699,59,cx,"2,5",2
39,16,0.8798,0,cx,"4,2",2
39,16,0.8798,1,cx,"0,4",2
39,16,0.8798,2,h,1,1
39,16,0.8798,3,h,0,1
39,16,0.8798,4,t,0,1
39,16,0.8798,5,t,3,1
39,16,0.8798,6,cx,"5,2",2
39,16,0.8798,7,h,3,1
39,16,0.8798,8,t,2,1
39,16,0.8798,9,h,2,1
39,16,0.8798,10,h,2,1
39,16,0.8798,11,cx,"1,0",2
39,16,0.8798,12,h,2,1
39,16,0.8798,13,t,4,1
39,16,0.8798,14,t,3,1
39,16,0.8798,15,h,5,1
39,16,0.8798,16,t,3,1
39,16,0.8798,17,cx,"0,4",2
39,16,0.8798,18,h,2,1
39,16,0.8798,19,t,0,1
39,16,0.8798,20,cx,"1,3",2
39,16,0.8798,21,t,1,1
39,16,0.8798,22,cx,"5,1",2
39,16,0.8798,23,t,4,1
39,16,0.8798,24,t,4,1
39,16,0.8798,25,h,0,1
39,16,0.8798,26,h,2,1
39,16,0.8798,27,cx,"2,1",2
39,16,0.8798,28,cx,"3,1",2
39,16,0.8798,29,cx,"3,2",2
39,16,0.8798,30,h,1,1
39,16,0.8798,31,t,4,1
39,16,0.8798,32,t,0,1
39,16,0.8798,33,h,1,1
39,16,0.8798,34,cx,"2,1",2
39,16,0.8798,35,t,2,1
39,16,0.8798,36,cx,"4,0",2
39,16,0.8798,37,cx,"1,2",2
39,16,0.8798,38,h,4,1
39,16,0.8798,39,cx,"0,1",2
39,16,0.8798,40,t,5,1
39,16,0.8798,41,h,1,1
39,16,0.8798,42,h,2,1
39,16,0.8798,43,t,4,1
39,16,0.8798,44,h,1,1
39,16,0.8798,45,t,5,1
39,16,0.8798,46,t,2,1
39,16,0.8798,47,t,1,1
39,16,0.8798,48,cx,"2,3",2
39,16,0.8798,49,t,4,1
39,16,0.8798,50,h,5,1
39,16,0.8798,51,cx,"1,4",2
39,16,0.8798,52,cx,"0,2",2
39,16,0.8798,53,h,3,1
39,16,0.8798,54,h,5,1
39,16,0.8798,55,t,2,1
39,16,0.8798,56,h,1,1
39,16,0.8798,57,h,1,1
39,16,0.8798,58,h,1,1
39,16,0.8798,59,cx,"2,1",2
37,17,0.8657,0,h,2,1
37,17,0.8657,1,cx,"0,2",2
37,17,0.8657,2,cx,"4,2",2
37,17,0.8657,3,t,0,1
37,17,0.8657,4,t,5,1
37,17,0.8657,5,t,5,1
37,17,0.8657,6,h,0,1
37,17,0.8657,7,h,4,1
37,17,0.8657,8,cx,"0,4",2
37,17,0.8657,9,t,0,1
37,17,0.8657,10,h,2,1
37,17,0.8657,11,t,5,1
37,17,0.8657,12,cx,"1,4",2
37,17,0.8657,13,h,1,1
37,17,0.8657,14,h,0,1
37,17,0.8657,15,t,2,1
37,17,0.8657,16,cx,"2,3",2
37,17,0.8657,17,h,3,1
37,17,0.8657,18,h,2,1
37,17,0.8657,19,t,2,1
37,17,0.8657,20,t,3,1
37,17,0.8657,21,t,0,1
37,17,0.8657,22,cx,"1,2",2
37,17,0.8657,23,t,3,1
37,17,0.8657,24,t,0,1
37,17,0.8657,25,h,1,1
37,17,0.8657,26,t,2,1
37,17,0.8657,27,t,3,1
37,17,0.8657,28,h,5,1
37,17,0.8657,29,h,0,1
37,17,0.8657,30,h,3,1
37,17,0.8657,31,h,0,1
37,17,0.8657,32,cx,"2,3",2
37,17,0.8657,33,h,1,1
37,17,0.8657,34,cx,"1,3",2
37,17,0.8657,35,cx,"2,3",2
37,17,0.8657,36,h,1,1
37,17,0.8657,37,t,5,1
37,17,0.8657,38,h,1,1
37,17,0.8657,39,cx,"5,0",2
37,17,0.8657,40,t,0,1
37,17,0.8657,41,t,0,1
37,17,0.8657,42,t,1,1
37,17,0.8657,43,cx,"0,4",2
37,17,0.8657,44,cx,"2,1",2
37,17,0.8657,45,cx,"0,5",2
37,17,0.8657,46,h,4,1
37,17,0.8657,47,t,2,1
37,17,0.8657,48,cx,"3,1",2
37,17,0.8657,49,t,2,1
37,17,0.8657,50,h,5,1
37,17,0.8657,51,cx,"0,2",2
37,17,0.8657,52,cx,"5,0",2
37,17,0.8657,53,h,2,1
37,17,0.8657,54,t,3,1
37,17,0.8657,55,cx,"4,5",2
37,17,0.8657,56,h,4,1
37,17,0.8657,57,h,2,1
37,17,0.8657,58,t,0,1
37,17,0.8657,59,h,4,1
62,18,0.859,0,t,0,1
62,18,0.859,1,t,5,1
62,18,0.859,2,cx,"1,5",2
62,18,0.859,3,t,1,1
62,18,0.859,4,cx,"1,4",2
62,18,0.859,5,t,4,1
62,18,0.859,6,t,2,1
62,18,0.859,7,t,2,1
62,18,0.859,8,t,5,1
62,18,0.859,9,cx,"1,0",2
62,18,0.859,10,cx,"4,5",2
62,18,0.859,11,cx,"3,5",2
62,18,0.859,12,h,3,1
62,18,0.859,13,t,0,1
62,18,0.859,14,h,1,1
62,18,0.859,15,h,0,1
62,18,0.859,16,cx,"2,5",2
62,18,0.859,17,cx,"5,0",2
62,18,0.859,18,t,3,1
62,18,0.859,19,t,1,1
62,18,0.859,20,t,2,1
62,18,0.859,21,t,1,1
62,18,0.859,22,t,2,1
62,18,0.859,23,h,3,1
62,18,0.859,24,t,0,1
62,18,0.859,25,cx,"0,1",2
62,18,0.859,26,cx,"0,5",2
62,18,0.859,27,t,3,1
62,18,0.859,28,t,1,1
62,18,0.859,29,cx,"0,2",2
62,18,0.859,30,h,5,1
62,18,0.859,31,h,4,1
62,18,0.859,32,h,2,1
62,18,0.859,33,cx,"4,2",2
62,18,0.859,34,h,5,1
62,18,0.859,35,t,3,1
62,18,0.859,36,h,0,1
62,18,0.859,37,t,3,1
62,18,0.859,38,h,5,1
62,18,0.859,39,t,1,1
62,18,0.859,40,cx,"3,1",2
62,18,0.859,41,h,3,1
62,18,0.859,42,t,4,1
62,18,0.859,43,cx,"4,2",2
62,18,0.859,44,h,5,1
62,18,0.859,45,cx,"0,2",2
62,18,0.859,46,cx,"2,1",2
62,18,0.859,47,h,2,1
62,18,0.859,48,cx,"5,4",2
62,18,0.859,49,cx,"4,1",2
62,18,0.859,50,h,4,1
62,18,0.859,51,cx,"2,5",2
62,18,0.859,52,h,0,1
62,18,0.859,53,h,4,1
62,18,0.859,54,cx,"5,0",2
62,18,0.859,55,h,2,1
62,18,0.859,56,h,1,1
62,18,0.859,57,cx,"5,3",2
62,18,0.859,58,h,5,1
62,18,0.859,59,t,5,1
81,19,0.8687,0,cx,"2,0",2
81,19,0.8687,1,h,0,1
81,19,0.8687,2,t,3,1
81,19,0.8687,3,cx,"2,1",2
81,19,0.8687,4,t,2,1
81,19,0.8687,5,h,4,1
81,19,0.8687,6,h,2,1
81,19,0.8687,7,cx,"1,4",2
81,19,0.8687,8,cx,"1,3",2
81,19,0.8687,9,t,2,1
81,19,0.8687,10,h,5,1
81,19,0.8687,11,h,1,1
81,19,0.8687,12,h,3,1
81,19,0.8687,13,h,3,1
81,19,0.8687,14,t,5,1
81,19,0.8687,15,t,2,1
81,19,0.8687,16,t,5,1
81,19,0.8687,17,t,1,1
81,19,0.8687,18,t,0,1
81,19,0.8687,19,h,3,1
81,19,0.8687,20,cx,"0,2",2
81,19,0.8687,21,cx,"4,3",2
81,19,0.8687,22,h,1,1
81,19,0.8687,23,cx,"0,2",2
81,19,0.8687,24,t,1,1
81,19,0.8687,25,cx,"0,2",2
81,19,0.8687,26,t,5,1
81,19,0.8687,27,h,0,1
81,19,0.8687,28,cx,"1,4",2
81,19,0.8687,29,t,0,1
81,19,0.8687,30,t,4,1
81,19,0.8687,31,t,5,1
81,19,0.8687,32,cx,"5,2",2
81,19,0.8687,33,t,2,1
81,19,0.8687,34,h,0,1
81,19,0.8687,35,t,1,1
81,19,0.8687,36,t,1,1
81,19,0.8687,37,cx,"2,5",2
81,19,0.8687,38,cx,"5,2",2
81,19,0.8687,39,h,5,1
81,19,0.8687,40,cx,"3,4",2
81,19,0.8687,41,h,4,1
81,19,0.8687,42,t,4,1
81,19,0.8687,43,t,3,1
81,19,0.8687,44,t,1,1
81,19,0.8687,45,t,3,1
81,19,0.8687,46,t,1,1
81,19,0.8687,47,h,3,1
81,19,0.8687,48,cx,"5,3",2
81,19,0.8687,49,h,5,1
81,19,0.8687,50,t,4,1
81,19,0.8687,51,h,0,1
81,19,0.8687,52,cx,"3,0",2
81,19,0.8687,53,t,5,1
81,19,0.8687,54,t,5,1
81,19,0.8687,55,t,4,1
81,19,0.8687,56,t,5,1
81,19,0.8687,57,t,2,1
81,19,0.8687,58,cx,"1,4",2
81,19,0.8687,59,h,3,1
35,20,0.859,0,t,4,1
35,20,0.859,1,h,0,1
35,20,0.859,2,t,0,1
35,20,0.859,3,t,0,1
35,20,0.859,4,t,0,1
35,20,0.859,5,t,3,1
35,20,0.859,6,h,1,1
35,20,0.859,7,cx,"3,1",2
35,20,0.859,8,cx,"0,5",2
35,20,0.859,9,cx,"4,0",2
35,20,0.859,10,cx,"1,0",2
35,20,0.859,11,t,2,1
35,20,0.859,12,h,3,1
35,20,0.859,13,cx,"1,2",2
35,20,0.859,14,h,0,1
35,20,0.859,15,t,5,1
35,20,0.859,16,h,3,1
35,20,0.859,17,t,5,1
35,20,0.859,18,t,0,1
35,20,0.859,19,h,3,1
35,20,0.859,20,h,1,1
35,20,0.859,21,h,4,1
35,20,0.859,22,t,4,1
35,20,0.859,23,h,1,1
35,20,0.859,24,t,2,1
35,20,0.859,25,h,5,1
35,20,0.859,26,cx,"5,4",2
35,20,0.859,27,cx,"5,4",2
35,20,0.859,28,cx,"0,1",2
35,20,0.859,29,h,3,1
35,20,0.859,30,cx,"0,2",2
35,20,0.859,31,cx,"1,4",2
35,20,0.859,32,t,2,1
35,20,0.859,33,cx,"4,2",2
35,20,0.859,34,t,4,1
35,20,0.859,35,t,5,1
35,20,0.859,36,cx,"0,3",2
35,20,0.859,37,t,2,1
35,20,0.859,38,cx,"4,0",2
35,20,0.859,39,h,1,1
35,20,0.859,40,cx,"1,2",2
35,20,0.859,41,t,2,1
35,20,0.859,42,cx,"1,0",2
35,20,0.859,43,cx,"0,4",2
35,20,0.859,44,cx,"3,2",2
35,20,0.859,45,h,2,1
35,20,0.859,46,h,3,1
35,20,0.859,47,cx,"4,0",2
35,20,0.859,48,h,1,1
35,20,0.859,49,cx,"5,2",2
35,20,0.859,50,h,2,1
35,20,0.859,51,cx,"1,2",2
35,20,0.859,52,t,3,1
35,20,0.859,53,t,1,1
35,20,0.859,54,h,5,1
35,20,0.859,55,t,1,1
35,20,0.859,56,h,4,1
35,20,0.859,57,cx,"0,2",2
35,20,0.859,58,cx,"2,0",2
35,20,0.859,59,t,3,1
4,21,0.8492,0,h,2,1
4,21,0.8492,1,cx,"2,0",2
4,21,0.8492,2,cx,"3,1",2
4,21,0.8492,3,t,5,1
4,21,0.8492,4,h,3,1
4,21,0.8492,5,t,0,1
4,21,0.8492,6,h,4,1
4,21,0.8492,7,cx,"4,1",2
4,21,0.8492,8,t,3,1
4,21,0.8492,9,h,3,1
4,21,0.8492,10,t,2,1
4,21,0.8492,11,cx,"2,1",2
4,21,0.8492,12,cx,"3,1",2
4,21,0.8492,13,cx,"2,3",2
4,21,0.8492,14,t,4,1
4,21,0.8492,15,h,2,1
4,21,0.8492,16,t,2,1
4,21,0.8492,17,t,1,1
4,21,0.8492,18,h,4,1
4,21,0.8492,19,cx,"2,1",2
4,21,0.8492,20,cx,"2,0",2
4,21,0.8492,21,t,5,1
4,21,0.8492,22,t,3,1
4,21,0.8492,23,cx,"2,0",2
4,21,0.8492,24,t,1,1
4,21,0.8492,25,t,3,1
4,21,0.8492,26,cx,"0,3",2
4,21,0.8492,27,t,3,1
4,21,0.8492,28,h,5,1
4,21,0.8492,29,t,0,1
4,21,0.8492,30,t,1,1
4,21,0.8492,31,t,1,1
4,21,0.8492,32,h,0,1
4,21,0.8492,33,h,2,1
4,21,0.8492,34,cx,"4,1",2
4,21,0.8492,35,t,1,1
4,21,0.8492,36,cx,"0,3",2
4,21,0.8492,37,cx,"1,3",2
4,21,0.8492,38,cx,"4,5",2
4,21,0.8492,39,t,3,1
4,21,0.8492,40,cx,"0,3",2
4,21,0.8492,41,h,1,1
4,21,0.8492,42,t,3,1
4,21,0.8492,43,t,2,1
4,21,0.8492,44,h,3,1
4,21,0.8492,45,h,2,1
4,21,0.8492,46,t,2,1
4,21,0.8492,47,h,1,1
4,21,0.8492,48,h,2,1
4,21,0.8492,49,h,1,1
4,21,0.8492,50,cx,"0,5",2
4,21,0.8492,51,t,4,1
4,21,0.8492,52,cx,"2,4",2
4,21,0.8492,53,cx,"1,5",2
4,21,0.8492,54,h,3,1
4,21,0.8492,55,cx,"4,0",2
4,21,0.8492,56,t,1,1
4,21,0.8492,57,cx,"1,2",2
4,21,0.8492,58,h,5,1
4,21,0.8492,59,h,3,1
25,22,0.8559,0,h,2,1
25,22,0.8559,1,t,2,1
25,22,0.8559,2,h,1,1
25,22,0.8559,3,cx,"4,0",2
25,22,0.8559,4,t,4,1
25,22,0.8559,5,cx,"0,2",2
25,22,0.8559,6,h,4,1
25,22,0.8559,7,h,1,1
25,22,0.8559,8,h,5,1
25,22,0.8559,9,cx,"5,3",2
25,22,0.8559,10,cx,"0,2",2
25,22,0.8559,11,h,2,1
25,22,0.8559,12,t,0,1
25,22,0.8559,13,h,3,1
25,22,0.8559,14,cx,"0,5",2
25,22,0.8559,15,h,3,1
25,22,0.8559,16,t,3,1
25,22,0.8559,17,t,1,1
25,22,0.8559,18,h,3,1
25,22,0.8559,19,cx,"0,1",2
25,22,0.8559,20,t,2,1
25,22,0.8559,21,h,4,1
25,22,0.8559,22,cx,"4,3",2
25,22,0.8559,23,cx,"5,0",2
25,22,0.8559,24,cx,"1,4",2
25,22,0.8559,25,h,2,1
25,22,0.8559,26,t,5,1
25,22,0.8559,27,t,3,1
25,22,0.8559,28,h,2,1
25,22,0.8559,29,t,0,1
25,22,0.8559,30,t,5,1
25,22,0.8559,31,cx,"4,5",2
25,22,0.8559,32,h,1,1
25,22,0.8559,33,h,2,1
25,22,0.8559,34,h,0,1
25,22,0.8559,35,t,2,1
25,22,0.8559,36,cx,"0,3",2
25,22,0.8559,37,t,2,1
25,22,0.8559,38,t,4,1
25,22,0.8559,39,t,4,1
25,22,0.8559,40,t,4,1
25,22,0.8559,41,h,0,1
25,22,0.8559,42,t,0,1
25,22,0.8559,43,cx,"2,0",2
25,22,0.8559,44,t,2,1
25,22,0.8559,45,h,5,1
25,22,0.8559,46,cx,"0,3",2
25,22,0.8559,47,t,2,1
25,22,0.8559,48,t,3,1
25,22,0.8559,49,h,5,1
25,22,0.8559,50,h,3,1
25,22,0.8559,51,h,2,1
25,22,0.8559,52,cx,"2,0",2
25,22,0.8559,53,cx,"2,4",2
25,22,0.8559,54,t,0,1
25,22,0.8559,55,h,4,1
25,22,0.8559,56,cx,"4,3",2
25,22,0.8559,57,h,0,1
25,22,0.8559,58,t,1,1
25,22,0.8559,59,t,3,1
97,23,0.8398,0,cx,"0,4",2
97,23,0.8398,1,t,3,1
97,23,0.8398,2,h,2,1
97,23,0.8398,3,t,4,1
97,23,0.8398,4,t,1,1
97,23,0.8398,5,cx,"4,1",2
97,23,0.8398,6,h,1,1
97,23,0.8398,7,h,2,1
97,23,0.8398,8,t,0,1
97,23,0.8398,9,h,1,1
97,23,0.8398,10,h,4,1
97,23,0.8398,11,cx,"3,5",2
97,23,0.8398,12,cx,"1,5",2
97,23,0.8398,13,cx,"2,0",2
97,23,0.8398,14,cx,"5,4",2
97,23,0.8398,15,cx,"3,1",2
97,23,0.8398,16,h,4,1
97,23,0.8398,17,cx,"4,2",2
97,23,0.8398,18,t,0,1
97,23,0.8398,19,cx,"4,2",2
97,23,0.8398,20,h,3,1
97,23,0.8398,21,cx,"0,5",2
97,23,0.8398,22,t,5,1
97,23,0.8398,23,cx,"5,3",2
97,23,0.8398,24,t,5,1
97,23,0.8398,25,t,5,1
97,23,0.8398,26,h,5,1
97,23,0.8398,27,t,3,1
97,23,0.8398,28,t,5,1
97,23,0.8398,29,h,3,1
97,23,0.8398,30,t,5,1
97,23,0.8398,31,cx,"3,0",2
97,23,0.8398,32,h,5,1
97,23,0.8398,33,cx,"4,0",2
97,23,0.8398,34,cx,"2,1",2
97,23,0.8398,35,h,2,1
97,23,0.8398,36,cx,"0,5",2
97,23,0.8398,37,h,2,1
97,23,0.8398,38,cx,"4,3",2
97,23,0.8398,39,h,1,1
97,23,0.8398,40,h,0,1
97,23,0.8398,41,h,0,1
97,23,0.8398,42,t,0,1
97,23,0.8398,43,t,2,1
97,23,0.8398,44,cx,"2,4",2
97,23,0.8398,45,h,5,1
97,23,0.8398,46,h,3,1
97,23,0.8398,47,t,2,1
97,23,0.8398,48,cx,"3,1",2
97,23,0.8398,49,cx,"4,3",2
97,23,0.8398,50,h,2,1
97,23,0.8398,51,t,4,1
97,23,0.8398,52,t,2,1
97,23,0.8398,53,t,0,1
97,23,0.8398,54,cx,"2,5",2
97,23,0.8398,55,h,0,1
97,23,0.8398,56,t,5,1
97,23,0.8398,57,cx,"0,3",2
97,23,0.8398,58,t,0,1
97,23,0.8398,59,t,3,1
69,24,0.8611,0,cx,"1,5",2
69,24,0.8611,1,h,1,1
69,24,0.8611,2,t,1,1
69,24,0.8611,3,cx,"4,3",2
69,24,0.8611,4,h,2,1
69,24,0.8611,5,h,4,1
69,24,0.8611,6,t,0,1
69,24,0.8611,7,h,4,1
69,24,0.8611,8,h,2,1
69,24,0.8611,9,t,3,1
69,24,0.8611,10,cx,"1,2",2
69,24,0.8611,11,h,3,1
69,24,0.8611,12,cx,"3,0",2
69,24,0.8611,13,t,4,1
69,24,0.8611,14,cx,"5,0",2
69,24,0.8611,15,cx,"1,3",2
69,24,0.8611,16,h,2,1
69,24,0.8611,17,t,0,1
69,24,0.8611,18,t,2,1
69,24,0.8611,19,h,1,1
69,24,0.8611,20,cx,"0,3",2
69,24,0.8611,21,t,5,1
69,24,0.8611,22,h,3,1
69,24,0.8611,23,t,0,1
69,24,0.8611,24,h,2,1
69,24,0.8611,25,t,1,1
69,24,0.8611,26,cx,"5,3",2
69,24,0.8611,27,cx,"1,4",2
69,24,0.8611,28,t,2,1
69,24,0.8611,29,h,5,1
69,24,0.8611,30,cx,"1,5",2
69,24,0.8611,31,t,4,1
69,24,0.8611,32,t,1,1
69,24,0.8611,33,t,0,1
69,24,0.8611,34,cx,"5,0",2
69,24,0.8611,35,cx,"0,4",2
69,24,0.8611,36,t,3,1
69,24,0.8611,37,t,1,1
69,24,0.8611,38,cx,"1,5",2
69,24,0.8611,39,h,0,1
69,24,0.8611,40,t,4,1
69,24,0.8611,41,t,0,1
69,24,0.8611,42,cx,"4,1",2
69,24,0.8611,43,cx,"2,5",2
69,24,0.8611,44,t,5,1
69,24,0.8611,45,t,3,1
69,24,0.8611,46,t,0,1
69,24,0.8611,47,cx,"2,0",2
69,24,0.8611,48,h,0,1
69,24,0.8611,49,h,2,1
69,24,0.8611,50,t,3,1
69,24,0.8611,51,t,3,1
69,24,0.8611,52,t,0,1
69,24,0.8611,53,t,4,1
69,24,0.8611,54,cx,"4,2",2
69,24,0.8611,55,h,5,1
69,24,0.8611,56,h,4,1
69,24,0.8611,57,cx,"0,1",2
69,24,0.8611,58,cx,"0,2",2
69,24,0.8611,59,h,2,1
74,25,0.8492,0,h,0,1
74,25,0.8492,1,cx,"2,5",2
74,25,0.8492,2,cx,"3,2",2
74,25,0.8492,3,t,4,1
74,25,0.8492,4,h,4,1
74,25,0.8492,5,h,0,1
74,25,0.8492,6,cx,"3,1",2
74,25,0.8492,7,t,1,1
74,25,0.8492,8,cx,"3,1",2
74,25,0.8492,9,h,1,1
74,25,0.8492,10,cx,"1,0",2
74,25,0.8492,11,cx,"4,2",2
74,25,0.8492,12,h,2,1
74,25,0.8492,13,t,5,1
74,25,0.8492,14,t,5,1
74,25,0.8492,15,t,1,1
74,25,0.8492,16,t,0,1
74,25,0.8492,17,cx,"3,5",2
74,25,0.8492,18,cx,"3,4",2
74,25,0.8492,19,t,5,1
74,25,0.8492,20,cx,"5,4",2
74,25,0.8492,21,cx,"2,5",2
74,25,0.8492,22,cx,"4,0",2
74,25,0.8492,23,cx,"1,2",2
74,25,0.8492,24,h,3,1
74,25,0.8492,25,h,3,1
74,25,0.8492,26,cx,"3,0",2
74,25,0.8492,27,cx,"4,2",2
74,25,0.8492,28,t,3,1
74,25,0.8492,29,cx,"4,1",2
74,25,0.8492,30,cx,"0,4",2
74,25,0.8492,31,t,2,1
74,25,0.8492,32,h,2,1
74,25,0.8492,33,h,0,1
74,25,0.8492,34,cx,"2,0",2
74,25,0.8492,35,cx,"2,0",2
74,25,0.8492,36,cx,"0,5",2
74,25,0.8492,37,t,0,1
74,25,0.8492,38,h,4,1
74,25,0.8492,39,h,5,1
74,25,0.8492,40,h,4,1
74,25,0.8492,41,h,0,1
74,25,0.8492,42,t,4,1
74,25,0.8492,43,h,3,1
74,25,0.8492,44,h,5,1
74,25,0.8492,45,h,2,1
74,25,0.8492,46,h,5,1
74,25,0.8492,47,cx,"5,4",2
74,25,0.8492,48,cx,"1,2",2
74,25,0.8492,49,t,2,1
74,25,0.8492,50,h,1,1
74,25,0.8492,51,cx,"0,2",2
74,25,0.8492,52,t,4,1
74,25,0.8492,53,t,1,1
74,25,0.8492,54,t,5,1
74,25,0.8492,55,t,5,1
74,25,0.8492,56,t,4,1
74,25,0.8492,57,h,1,1
74,25,0.8492,58,h,1,1
74,25,0.8492,59,h,1,1
