cid,complex_id,label,pred
0,2wuf,5.47,5.03121
1,4ly1,7.23,6.076091
2,4mmm,4.59,5.3982506
3,4fsl,5.36,6.1936097
4,3coy,7.2,8.540279
5,6q60,5.67,5.7193956
6,6aox,6.4,5.5914354
7,2q64,5.24,5.2756343
8,4zae,7.68,6.657882
9,3qw5,7.22,5.7594266
10,1pro,6.41,7.5741467
11,3shc,7.74,7.6344614
12,5e2k,3.29,4.106665
13,4zcs,2.76,4.191978
14,4gzw,5.72,6.739914
15,4ocq,10.19,8.536618
16,4qf9,5.51,5.6973906
17,4g5f,5.36,7.6004906
18,4btk,8.4,8.065842
19,5ceq,7.05,7.277901
20,4de0,11.42,8.527211
21,1k9s,4.8,5.461822
22,1mrx,4.34,5.9298506
23,6i14,4.6,3.6167314
24,2yay,6.26,6.5139284
25,6of5,3.08,4.118615
26,1m0n,6.59,5.9587483
27,4jsa,11.22,8.784226
28,3p17,6.47,6.4282146
29,5vd2,5.74,5.814349
30,4x8u,7.61,6.1693444
31,5oh4,5.39,4.874473
32,3i60,6.0,5.9147
33,1njd,6.64,6.0812173
34,5xvg,4.74,4.114601
35,3uex,6.01,6.8860073
36,5llo,2.96,4.6417127
37,4dsy,6.87,5.332714
38,5l3a,7.78,6.615848
39,4r75,7.57,7.5084705
40,1dar,11.68,8.06188
41,6i64,4.42,5.204184
42,4wt2,6.96,5.683042
43,1yda,3.23,3.982933
44,3roc,8.48,8.460537
45,6jbe,7.16,6.4627995
46,1usn,7.7,7.1007867
47,2qi5,6.27,6.961196
48,4k55,8.41,6.9615
49,2pwr,6.46,5.970262
50,4e9u,6.26,7.998165
51,3d1y,6.01,5.915298
52,6r18,6.11,8.531956
53,2aqu,5.09,5.103689
54,6udt,5.35,7.2064037
55,3gnw,6.6,7.282661
56,1q1g,5.02,6.072516
57,2ax9,5.04,4.660741
58,5wyz,6.59,6.474526
59,2qi0,4.06,6.5054054
60,5hct,7.82,6.707446
61,6i63,8.0,8.033744
62,3fcq,4.77,4.601639
63,4pf5,6.3,5.2931066
64,4q7w,6.39,5.39934
65,3i3b,7.51,9.160059
66,5izf,8.1,7.2556615
67,5yh8,9.15,7.3617043
68,5tbe,9.59,8.083442
69,5dwr,6.26,6.0767612
70,4axd,7.38,6.8226924
71,1qy2,2.31,4.0750084
72,4nja,8.35,8.781844
73,3oyq,6.37,5.3567452
74,3jya,6.98,6.0633926
75,4zx3,8.72,7.9518495
76,1ws1,6.7,6.7821507
77,3lpi,6.7,4.8732705
78,4ef6,7.85,6.8879414
79,5z99,3.33,3.9469466
80,1if8,8.15,7.476121
81,2qi6,5.28,5.2955456
82,3d9z,3.9,4.87704
83,5kh3,10.74,7.376983
84,3ppr,9.05,8.40508
85,5os2,5.7,5.0228343
86,4urz,7.19,4.3257017
87,3n2v,7.79,5.4027267
88,5msb,6.07,6.2409077
89,5cau,6.92,7.546852
90,5f74,6.71,7.371158
91,4e4n,4.0,5.082367
92,4cpz,8.0,5.2930827
93,4xiq,3.68,4.937629
94,4d3h,3.0,3.995537
95,6r0v,4.68,5.5636487
96,6mji,8.4,8.130537
97,2hnc,5.62,6.129201
98,5fsc,4.77,5.2564325
99,3pb9,7.39,8.0541725
100,2r3w,5.17,5.7651243
101,4gii,6.28,5.0072107
102,3drf,6.72,7.233971
103,3egt,4.66,5.192093
104,3h1x,7.02,6.155634
105,3s6t,11.54,9.681648
106,5ja0,4.29,5.4478536
107,1kpm,3.95,4.4272795
108,1zs0,2.43,4.75098
109,2r1y,7.68,6.3493237
110,1nq7,7.82,7.1447663
111,6dl2,6.27,6.1902237
112,3dgo,7.55,8.066501
113,4ht0,3.82,3.7834282
114,4ury,4.6,6.051418
115,4bqg,5.6,5.3836327
116,3ryx,4.68,5.2564263
117,3dsz,7.12,6.073627
118,6odz,5.96,7.9417334
119,1fhd,5.27,6.10826
120,6qqw,2.3,3.9486728
121,1tcx,4.66,4.521324
122,6h38,8.4,7.5603704
123,1w11,8.0,5.125258
124,6eq7,8.1,7.2028584
125,5efa,8.96,7.681963
126,2c92,8.35,7.496534
127,5g5v,9.7,7.124242
128,4ndu,8.22,6.8128486
129,2y80,10.0,8.959124
130,5f25,5.07,6.315056
131,4cd0,9.52,9.038425
132,4flp,10.0,7.862915
133,1str,7.34,6.1300874
134,4poh,6.3,6.8024197
135,4i74,3.59,3.8507266
136,6upj,7.32,6.9785404
137,3b7r,6.12,6.824754
138,5i8g,5.48,7.375488
139,4xu0,4.32,6.4199214
140,4y59,6.89,7.984557
141,3vha,5.7,4.4085865
142,3cj2,9.42,8.488106
143,4hf4,8.2,7.4517026
144,2o4j,5.55,4.990415
145,5e1s,5.01,5.5903687
146,5n3v,3.22,3.7647264
147,1jao,7.31,5.720148
148,1ax0,4.92,6.661096
149,3ewc,7.0,4.972553
150,3pcg,5.1,5.800093
151,4m2u,6.0,6.267507
152,5mo8,4.82,5.205395
153,5btv,6.17,7.049143
154,4mc2,6.29,5.3084846
155,5bv3,7.07,6.343156
156,5j8m,7.4,6.39605
157,3g0e,6.58,6.5907
158,3lgs,7.89,6.725357
159,4llx,7.24,6.7210717
160,5kz0,6.87,7.3930726
161,2zwz,7.38,6.340324
162,2c80,5.4,5.811471
163,6r1b,6.59,6.607174
164,2e1w,6.52,7.8952823
165,6r8w,5.39,5.3880987
166,2c3l,6.59,8.367327
167,5f1r,9.4,8.536375
168,2f7p,8.22,6.166455
169,3nu5,8.06,7.4358506
170,4aoi,9.7,7.529831
171,5e8f,7.28,6.4922338
172,4cst,5.49,6.126915
173,4av5,9.15,7.6088495
174,4mr6,6.65,5.1765347
175,6ooy,7.4,5.20928
176,3l4y,5.74,5.8043904
177,6py0,4.66,4.906773
178,3uil,5.74,4.966874
179,3vjc,3.05,4.0975986
180,4e6d,5.77,4.0108395
181,6c7q,7.8,6.346498
182,4pnu,6.87,5.913446
183,2y7z,11.4,9.194063
184,5vr8,2.89,3.6854742
185,6b96,3.33,4.2720995
186,1dhi,5.49,6.3750405
187,6cks,6.79,4.7732797
188,2pyy,5.19,4.653907
189,1xpz,3.42,4.4704723
190,4loi,6.73,6.834213
191,2r0h,3.63,4.8468947
192,2zmm,5.92,5.5026116
193,4pfu,6.56,5.8622365
194,5ld8,3.48,4.674533
195,5ia4,6.58,5.1523876
196,2y7x,6.29,7.599256
197,6el5,6.86,6.5222654
198,6efj,3.3,4.4914665
199,2cer,10.26,7.9212008
200,2hs1,5.7,6.1037908
201,4kz4,6.25,6.2285314
202,3fvl,5.02,4.1726975
203,2nmx,6.6,7.660523
204,3g31,7.05,8.37192
205,4jpy,8.05,7.556111
206,5fbi,6.3,6.415229
207,5j27,4.42,6.4795957
208,1k21,10.1,8.0227585
209,1n46,3.84,4.6653833
210,5o1d,6.72,7.484336
211,4b3c,7.4,5.6114864
212,4djy,8.11,7.7000394
213,6o0k,7.82,8.209259
214,3jrx,7.43,6.433798
215,1oba,8.24,7.6152706
216,3eft,5.12,5.5844483
217,5ota,8.48,7.366502
218,3f34,8.22,7.099892
219,1br6,7.1,6.0037417
220,4rra,6.01,6.0105395
221,2p3a,9.03,8.425451
222,5za7,8.04,7.7505693
223,1o5e,5.08,4.821942
224,4aci,8.07,9.270903
225,1lbk,6.09,6.740339
226,4cpt,10.06,8.94018
227,3d1x,9.52,7.0137935
228,3g30,6.4,5.762519
229,4ts1,5.42,5.0629325
230,5d2r,5.34,5.4831347
231,5tkj,2.29,3.7019742
232,3spf,7.01,5.869941
233,5vja,4.8,4.6327796
234,4ymg,5.54,5.4814672
235,2uy4,4.43,5.1873503
236,4ahr,4.14,4.667529
237,3g34,2.6,3.9191937
238,5upf,3.97,6.0097985
239,6maj,6.96,6.4777365
240,2vk2,9.52,8.325712
241,3bkl,11.22,8.57098
242,4att,4.22,5.3944345
243,4kni,6.46,6.0941277
244,4rak,9.09,8.169157
245,4pp3,8.98,8.327694
246,5en3,3.72,5.1247797
247,4pv5,7.0,5.905651
248,1fpc,7.36,8.315777
249,1p57,6.62,7.741934
250,1yej,7.59,5.413001
251,4zv2,4.6,4.6023555
252,1c3x,9.11,8.663801
253,1koj,2.35,4.0322504
254,2wed,4.05,5.2482047
255,6ce6,2.74,4.345661
256,3sr4,4.55,5.409721
257,4trc,5.74,7.0156927
258,6pi5,2.0,3.7526855
259,1e1x,8.52,7.9502225
260,5jvi,3.24,5.326489
261,5ltn,7.38,6.579155
262,2oiq,7.64,7.774835
263,6g2f,5.7,6.045702
264,6fs1,3.55,4.279635
265,1b0h,7.0,7.9158416
266,2w8j,5.96,6.8511586
267,5mes,5.89,4.7545676
268,3bv9,8.05,7.3636436
269,3kiv,7.45,6.8502026
270,4bf6,5.39,6.329774
271,4lk7,4.82,4.765146
272,3uz5,4.22,4.689258
273,4kyk,4.84,5.2744045
274,3gm0,5.43,6.0713086
275,4na9,5.86,5.812033
276,3w9k,8.52,9.365757
277,5ewk,6.27,5.083904
278,5ii2,6.77,6.529616
279,3c8b,8.92,9.052841
280,1b5j,6.31,5.0397887
281,6b4d,6.52,7.076057
282,5boj,3.59,4.879011
283,1g3e,4.68,4.285612
284,3aas,4.25,4.1724143
285,5e2l,7.82,8.335497
286,1ik4,8.04,6.737373
287,1nw5,6.96,6.1930275
288,3o5n,6.33,5.8905663
289,1g52,5.89,5.1642675
290,6mlg,4.32,7.1539197
291,4myd,7.59,7.772589
292,4qge,4.25,4.689662
293,5aba,5.44,5.773003
294,6q4g,2.98,5.255428
295,4x6m,2.64,5.7737274
296,6hrq,5.58,7.800332
297,5i3a,4.66,6.0711374
298,5xva,6.22,6.6008797
299,4arb,5.7,6.7145343
300,1p1q,5.74,6.719855
301,4xar,2.47,3.9922752
302,5izj,7.35,5.100238
303,3mhl,5.37,4.758332
304,6fe0,4.87,6.917596
305,3s72,5.7,6.2501035
306,6pg4,4.89,4.460653
307,4ivc,5.72,6.511495
308,3l4x,5.62,6.753218
309,1fjs,6.46,5.545288
310,1izh,8.57,7.4571347
311,1oyt,6.0,7.7814403
312,5eyr,5.28,4.8281436
313,2ydw,9.59,8.476448
314,4hym,7.61,5.2719855
315,4j22,5.17,3.8923497
316,6i62,7.47,6.4592743
317,6chp,7.4,6.57329
318,1trd,6.11,7.8814254
319,1qin,4.11,4.877919
320,5n93,8.54,6.747607
321,3b2q,2.63,4.5233355
322,2a14,10.0,8.074537
323,4m0y,4.6,5.992028
324,1ucn,6.99,6.3068023
325,4ty7,4.06,3.649741
326,2j7e,5.79,6.8322177
327,6qgh,8.28,7.4812016
328,1k6v,6.74,6.4071903
329,3l3l,3.87,4.2702007
330,4iif,5.05,6.8285904
331,2ogy,6.54,5.780124
332,6eqv,6.4,6.1246295
333,4bak,7.32,8.084375
334,4q7s,8.1,7.2320814
335,4rpn,6.58,5.8905516
336,4ybk,3.55,4.007647
337,5fe9,2.48,3.703362
338,5eng,6.41,5.2692046
339,6d15,6.83,7.066852
340,1lah,5.34,6.157668
341,1pxp,5.28,5.7246985
342,6mdu,5.96,6.617969
343,3zyu,4.24,4.1217947
344,4eo6,6.17,6.601001
345,3zll,3.6,3.7431128
346,1kv5,7.45,5.5446787
347,1yvm,7.37,7.772695
348,2pvh,4.6,5.5301914
349,4nnr,7.58,7.672702
350,4qfp,8.49,9.486782
351,4z0k,5.2,8.713545
352,2byr,6.49,5.2933497
353,3mhw,5.66,5.797684
354,2wtv,5.64,4.9841924
355,3exh,6.45,6.5015445
356,4cps,5.7,5.6939425
357,5c1m,8.1,5.3767962
358,3r5t,4.51,4.4658117
359,5gsa,7.3,6.1131425
360,5f08,6.04,5.553699
361,5lud,4.4,5.0943046
362,1ec1,8.4,8.668678
363,3po6,4.78,5.0535917
364,2xef,8.62,8.449717
365,4qy3,6.85,6.572653
366,1m48,7.09,8.348979
367,5fhm,7.02,8.177947
368,5za9,3.7,4.7877026
369,6m8q,8.21,6.5577474
370,2ceq,9.0,7.2351737
371,4bcs,7.05,6.230561
372,6p3v,4.82,5.746518
373,4jpx,6.28,5.6491575
374,4xt2,6.15,7.5240855
375,5upe,6.32,6.0064006
376,1hpx,8.68,9.698116
377,3bbb,9.07,7.9554424
378,2vsl,6.17,6.6148434
379,3t70,4.82,4.3527594
380,5wcm,7.23,5.556984
381,1x8r,7.8,4.724579
382,3bkk,11.23,8.9303055
383,4h3j,7.22,4.932514
384,3cj5,2.3,3.7298179
385,5kax,7.37,7.355164
386,1g85,6.46,7.9216514
387,6c85,6.6,6.520801
388,1sv3,5.04,4.727233
389,1z95,8.48,8.871849
390,4kwf,3.17,3.9619842
391,4x5r,4.7,5.1437488
392,3eb1,5.27,5.638668
393,3oaf,3.9,5.2934713
394,4gg7,3.68,6.121125
395,6eol,3.81,6.499769
396,3su0,4.85,5.238056
397,2nta,7.89,6.919009
398,3qgw,5.59,6.319327
399,6ml9,6.07,5.612086
400,3t64,4.71,4.395679
401,1ndv,5.08,5.5828223
402,4ad2,6.47,6.337436
403,1qaw,7.14,6.56159
404,1ajv,6.18,6.652195
405,3znr,5.3,6.241454
406,2jdu,5.18,5.31506
407,4uma,10.7,9.851921
408,1v1m,6.37,7.7306685
409,5hrx,7.0,5.6709924
410,4aji,7.66,7.4491334
411,5o9p,6.61,5.9074116
412,3v5t,8.7,7.0839615
413,3ppm,7.42,7.349092
414,4a6l,7.26,7.3728223
415,1yfz,2.96,4.41523
416,4kax,3.45,4.770462
417,2ccb,2.89,3.6334395
418,3mjl,3.62,4.8283777
419,3td4,4.64,4.2288694
420,2f2h,6.17,5.4901457
421,5tcj,7.52,6.6723104
422,6exj,8.72,7.947838
423,3s45,4.96,5.3877254
424,4o97,4.61,4.721636
425,5x54,3.22,5.263341
426,6gdy,8.22,7.312116
427,6det,5.51,4.8849053
428,6qge,10.37,8.210711
429,2v57,6.03,7.4189534
430,5nau,6.47,6.4214716
431,6jtc,4.39,4.258752
432,1h0a,9.52,7.606321
433,4l19,8.03,7.4740877
434,5dqf,5.24,4.9775147
435,3ucj,5.8,7.4301596
436,1c84,6.52,6.672909
437,1ppi,4.96,5.311957
438,3su3,5.74,6.3533425
439,2vt3,7.77,6.700586
440,3kr4,9.28,6.6880107
441,2psv,4.95,6.751855
442,6pve,3.77,4.4659824
443,3s43,6.98,6.4678984
444,5oqu,5.07,4.8063803
445,6d1g,4.07,5.2359686
446,3rf5,7.31,8.636273
447,5fov,2.89,4.05494
448,6ayr,8.37,8.965748
449,3ag9,5.85,5.1840363
450,4e7r,7.48,8.286909
451,5mwp,5.18,7.621013
452,5lwm,7.77,5.502566
453,5nvv,2.77,4.573674
454,6gg4,5.73,6.090155
455,4r5b,4.7,6.6747246
456,6p8a,6.7,6.4670324
457,3u8j,9.34,9.099682
458,1c70,2.15,4.474819
459,1km3,5.48,6.345463
460,3l3n,3.7,4.0484605
461,4iue,5.45,5.0976934
462,4k0o,11.46,7.323078
463,5dqc,5.4,5.034449
464,5uff,3.73,6.746508
465,6ftw,5.08,6.6857796
466,2zc9,4.71,4.9088063
467,1sdu,4.3,3.8573117
468,1rnm,7.82,7.0555468
469,3ehy,7.62,7.237018
470,1pxn,8.38,8.907177
471,3d1z,6.52,5.622541
472,4ngn,2.3,4.1229405
473,2qg2,7.62,7.1088324
474,5yyf,10.32,7.926449
475,1h5v,3.85,4.3265824
476,1g7q,5.67,6.3527503
477,1xhy,7.7,6.6799564
478,1i9p,7.46,6.352554
479,4rhx,4.85,5.8798456
480,2qwc,7.68,8.484949
481,2yki,7.2,5.0863013
482,3i25,7.67,8.937664
483,2clh,3.74,5.6759567
484,1erb,6.74,7.6231027
485,2i4j,4.07,6.1543427
486,1xgi,4.12,5.38318
487,3qqa,7.0,7.1787148
488,4ovg,6.33,8.033261
489,4zls,8.8,5.704401
490,6i12,7.34,6.826507
491,6jdl,7.96,6.2945204
492,1lag,8.31,7.457598
493,4bqh,6.74,8.15042
494,2b1g,6.1,6.701341
495,2ews,7.74,7.4838185
496,4epy,10.18,7.1430264
497,2p3b,6.56,5.3562193
498,6o5g,2.6,4.935259
499,3vf5,5.49,8.596718
500,3sfg,4.51,4.982059
501,4a6c,6.24,5.668158
502,4w9j,6.7,5.8763523
503,1w96,2.74,3.7534776
504,6qe5,8.17,7.454037
505,2qi7,7.35,6.767123
506,2qtg,4.76,4.5483246
507,4llp,9.28,7.7591405
508,6o5a,9.4,8.721003
509,6o5x,2.7,3.552395
510,5we9,3.87,4.4456496
511,1f8e,6.66,5.9526277
512,1k6t,3.98,4.3635197
513,4ngp,6.51,6.7392898
514,4cjq,9.4,7.3760314
515,5ovp,4.44,4.922727
516,2avm,8.22,7.068974
517,4bt5,10.48,9.608166
518,2v2h,4.89,6.070542
519,1cgl,2.77,4.2680016
520,1wdn,10.2,8.736569
521,3fx6,10.89,9.749847
522,1d09,10.92,9.236872
523,4x5y,5.84,5.0843086
524,3e5u,4.85,5.219383
525,1zgi,3.82,4.3557496
526,3gc4,7.66,7.403257
527,1xjd,5.75,5.9301915
528,4iic,8.3,7.233409
529,6d1h,8.62,8.973318
530,1k22,4.16,5.3411145
531,6udi,4.62,5.0900273
532,4e4l,5.1,5.544494
533,3p2e,5.3,5.1874585
534,2vxn,6.82,5.472557
535,5b25,5.7,5.345167
536,4kp8,8.42,7.5150895
537,3kek,7.09,6.7745886
538,3m40,6.0,5.399586
539,4kz6,6.82,6.417431
540,4xty,5.82,6.301933
541,5d0r,9.46,7.915074
542,5fsy,7.22,5.301218
543,3rtf,7.07,6.174913
544,3zqe,7.03,6.667161
545,2br1,3.66,4.7992005
546,4cpr,3.1,4.0536423
547,5k1f,2.38,7.075376
548,2q89,6.29,6.5757203
549,3iob,5.63,5.9493136
550,1n51,6.59,6.8406286
551,5c3p,7.55,6.890898
552,1gi1,7.25,7.930542
553,3f6e,4.89,6.11795
554,4qjw,4.3,4.1929016
555,4ddm,5.97,5.553251
556,4ezx,7.26,6.39081
557,1yei,7.92,9.147358
558,3pbb,10.35,8.819405
559,3s2v,5.72,6.6843805
560,5nee,9.03,6.444308
561,3bgc,9.22,6.122078
562,3v2q,7.8,7.2274375
563,4fm8,4.1,4.546325
564,4zji,7.95,7.8043766
565,3wtm,10.62,9.255827
566,1f4g,8.72,7.050811
567,5ayt,4.09,4.5381136
568,3tza,3.7,5.1439285
569,6qqu,8.8,9.889122
570,1fcy,7.74,6.6362834
571,2x09,7.3,8.787338
572,4ufj,7.64,6.224304
573,2jew,5.72,5.953616
574,10gs,3.8,4.258458
575,2vyt,6.82,4.8004932
576,4cwp,8.0,7.782525
577,6hay,8.72,8.052512
578,4jne,10.44,8.076921
579,2o4k,8.32,6.9169927
580,3h78,7.66,8.227744
581,2cbv,7.08,6.190273
582,3cyx,2.0,3.731191
583,5wbo,8.7,8.523525
584,5vcw,4.67,5.4708753
585,6o0o,6.59,7.561985
586,1ex8,9.74,7.4623747
587,5er1,7.96,7.9201355
588,4c2v,8.77,6.7981224
589,3fwv,8.0,7.1825733
590,2xjj,6.7,5.7309346
591,3w07,7.62,7.4424744
592,4wkb,3.66,5.246619
593,2zx6,6.43,7.4510884
594,4a95,7.29,7.6732774
595,4arw,3.96,5.0383115
596,4dy6,5.74,5.735874
597,3miy,9.76,7.3328853
598,1jaq,9.7,6.878537
599,3c89,11.29,8.66147
600,3jrs,8.52,6.452587
601,5h8g,6.15,4.603079
602,2vwo,10.72,8.083141
603,5hcy,4.77,4.1377907
604,2x2r,6.62,6.5838447
605,3ouj,5.12,6.710921
606,1hwr,7.23,8.218033
607,5fsn,6.85,6.315111
608,3rbu,7.03,6.615827
609,3rt8,6.38,6.4133105
610,4azg,7.08,5.464062
611,6i65,2.44,3.1234815
612,4b33,8.63,7.734444
613,5t9w,7.03,7.6180587
614,5mby,7.36,6.916508
615,3fuz,5.74,5.2822566
616,5e3a,6.43,5.677255
617,2bfr,5.22,6.1791215
618,2gkl,7.12,5.418765
619,3w9r,8.36,8.685767
620,4jyb,7.07,6.466242
621,1ec3,9.1,8.740533
622,4xoe,8.54,7.7470965
623,1dif,3.07,3.8569152
624,5jsg,6.69,5.6864457
625,4zx0,10.0,8.459251
626,2tpi,7.21,5.6766934
627,4cfl,3.31,5.43747
628,3s75,5.85,5.3505807
629,3zln,7.72,6.7308836
630,5eek,6.0,5.449219
631,5ad1,7.3,7.9254007
632,3kku,7.52,7.0557995
633,6i8m,4.34,4.491001
634,2xye,6.63,6.1350403
635,3u6h,9.0,7.339062
636,3d91,6.29,7.422789
637,4h42,3.58,4.560443
638,2nsl,7.1,6.0737123
639,5chk,4.92,5.562587
640,4q09,7.41,7.3440237
641,2w9h,7.42,7.881111
642,1qxl,4.96,5.9782987
643,1sqt,8.52,7.110671
644,4ad3,9.4,7.7867165
645,5uc4,3.89,4.445476
646,5a2i,5.66,6.182411
647,3cow,5.19,4.9695835
648,1w9u,9.15,7.0090904
649,3dzt,3.19,4.9148192
650,3p3s,7.47,7.539586
651,4b6o,7.11,7.472037
652,2i4z,5.04,5.366775
653,4yb5,7.64,7.12444
654,3zhx,8.7,7.9914923
655,5mrb,2.36,3.442467
656,1b8n,7.15,7.1126633
657,4gu9,4.22,4.214819
658,4rux,8.4,8.648655
659,5vd0,5.1,4.544071
660,2x8z,10.24,8.1899605
661,1d3d,4.09,5.0498796
662,4cd4,5.27,7.6464868
663,1dl7,9.22,8.126102
664,3zns,6.08,6.850356
665,1o0m,3.34,3.639455
666,4up5,8.19,7.5207014
667,1jet,7.41,6.261979
668,4n5d,3.8,3.8860312
669,1kdk,4.68,4.430353
670,3qxt,4.74,5.021176
671,4mpn,3.41,4.2725215
672,4riu,6.43,7.2067895
673,3oku,9.54,7.6833
674,5azf,7.48,7.8528843
675,4omc,4.88,6.7800026
676,5k8s,4.21,4.9831834
677,6pvw,7.35,7.647545
678,5g61,10.33,7.1177797
679,5meh,4.0,4.8840866
680,4ks1,6.82,7.8081613
681,6f9u,8.82,6.5473375
682,5dlx,7.05,7.322046
683,2qwd,7.17,6.634008
684,3ni5,6.41,6.077312
685,3ibl,9.0,7.044
686,5vcv,8.22,7.4400315
687,1adl,5.59,6.5626884
688,5dkn,5.47,7.3692822
689,5dx4,9.08,7.7287526
690,4ivb,8.44,7.5245447
691,6eir,4.26,6.759796
692,3m1k,5.35,5.633127
693,6fo5,2.39,4.173031
694,2a8g,5.4,4.665395
695,4loo,6.33,5.5355296
696,1g54,8.4,8.350094
697,3ms9,6.86,6.975855
698,3b7u,7.38,8.833969
699,5j9x,8.7,6.822031
700,1lee,6.23,5.390306
701,1o86,6.03,6.111759
702,4lov,7.55,6.101144
703,2q55,6.31,7.416199
704,5m5d,4.89,5.6639466
705,3kmy,6.36,7.684012
706,4ibb,6.0,4.450367
707,2zy1,6.66,7.6936502
708,4de2,7.26,6.2814503
709,6fuh,6.17,7.1637683
710,6ios,8.77,7.9575424
711,2jh6,3.78,4.3537717
712,5t19,8.85,6.285188
713,3ckb,6.06,5.569945
714,1igb,4.54,6.8956585
715,4oag,8.05,8.282286
716,1e5j,3.7,5.048915
717,5mpk,4.68,6.6613717
718,1bp0,7.96,8.132286
719,2bqv,4.82,5.1504893
720,3u5j,8.58,7.2145014
721,3vd4,9.77,9.215061
722,1k27,8.44,8.777166
723,2qci,8.6,7.0677333
724,2qu6,5.3,5.4856668
725,4qfn,8.77,7.4494767
726,5hvt,7.48,6.924445
727,1s89,4.7,6.560422
728,1d6w,7.53,6.3048444
729,6d56,6.74,7.414029
730,4bt4,4.23,6.076166
731,1e3v,5.96,7.181486
732,1olu,3.22,5.0700727
733,2isw,2.52,3.8753746
734,5fnr,5.04,4.948866
735,1pb9,5.4,5.0765276
736,5sz3,8.52,8.260275
737,1hii,2.14,4.0495
738,4rqk,6.07,6.6460085
739,2dw7,5.41,5.4245424
740,4fk6,5.32,4.9544034
741,2cli,6.6,6.9653754
742,3i5z,7.74,7.8751183
743,1ony,9.3,9.134825
744,4avh,7.47,6.9147906
745,2epn,3.0,4.000175
746,4ty6,6.16,6.7821174
747,1q91,7.81,7.85932
748,4ezr,2.48,3.0805864
749,1hsh,8.3,6.2659173
750,2al5,6.1,6.3702965
751,6dyz,4.12,5.1756043
752,4lvt,5.59,6.4721546
753,1lvu,6.12,8.860712
754,6qr9,7.62,7.13119
755,2xj1,8.64,7.662171
756,1n4h,5.49,4.9318576
757,4dld,9.8,10.113064
758,1yp9,3.89,6.0517993
759,4f3k,2.26,3.9308295
760,1v2r,7.59,8.874901
761,3kdm,9.4,8.31842
762,6g36,7.01,8.330502
763,4ipj,5.81,5.3753495
764,6d78,6.92,5.6592574
765,1qbo,5.82,6.499775
766,6c0s,3.24,5.2735887
767,2izl,4.18,4.94194
768,6gue,5.9,5.8351793
769,2fqo,6.6,5.776756
770,2i3h,5.63,7.4074035
771,1ohr,5.85,6.0799
772,4cwr,7.24,7.3177395
773,6gzm,6.95,5.868948
774,3nu6,9.1,7.0304217
775,3qkd,2.97,6.3011446
776,4gue,8.3,7.627663
777,5g5f,6.39,5.8096046
778,5bs4,8.28,6.36754
779,4q90,9.57,7.844097
780,5dxt,5.7,5.018698
781,1jyq,8.4,7.59077
782,5mro,11.8,5.776816
783,3elc,5.49,5.095776
784,4b0b,5.83,4.6486106
785,3hfb,5.63,5.8482976
786,5l9i,3.07,4.8279524
787,6i66,7.17,6.036981
788,1o2r,4.6,6.417083
789,5u12,8.85,8.42469
790,4lkk,7.32,7.4092083
791,4pp5,3.85,4.3532124
792,4ua8,6.3,6.6339393
793,5flo,4.3,4.436783
794,6o0m,6.52,6.571142
795,3oy0,4.15,4.8731914
796,6eq3,7.68,6.2074046
797,2exm,5.03,4.8382754
798,6d2o,5.28,5.2628417
799,2pbw,8.62,8.075537
800,5ect,5.64,6.101736
801,6csq,6.47,6.969773
802,5e73,5.7,5.9433894
803,3bgq,10.1,7.771649
804,1izi,6.67,7.162356
805,2nsj,7.1,7.2224326
806,4o05,7.74,8.279863
807,6h29,5.62,4.7300415
808,4a7i,6.57,7.131118
809,1mrn,3.65,4.1914716
810,6ajz,8.07,7.6761365
811,5ymx,5.64,6.660609
812,6nw3,5.68,6.8513794
813,1b38,9.52,7.4828806
814,2j77,5.92,5.132621
815,2wvz,7.29,7.4731493
816,3f16,4.62,4.697674
817,4cwf,5.82,5.4942946
818,1mfd,6.68,6.003413
819,4qb3,8.49,7.5571876
820,1hih,8.46,9.285931
821,1xk5,9.1,7.2561846
822,5jgi,7.4,7.40454
823,4nra,8.64,7.0453014
824,5oh3,3.69,4.7127333
825,2ypo,3.6,4.4973917
826,2c3i,7.8,6.038206
827,5m77,8.1,6.7592134
828,4djr,5.04,4.8341026
829,3f68,5.85,5.1624055
830,4z1e,7.09,6.3059688
831,1tmn,6.57,7.5943666
832,1sbg,4.49,5.136321
833,1ydr,9.1,7.1010933
834,2ayr,5.28,3.9019482
835,5iyy,5.7,7.383133
836,2xjg,10.82,8.938507
837,2i6b,6.31,6.466757
838,1b58,5.2,4.475321
839,3fat,6.72,6.7697253
840,2xej,6.57,6.502048
841,4o6w,7.0,6.536496
842,4ynb,7.05,6.42916
843,5g2b,7.84,6.256374
844,3mam,8.0,6.059692
845,5ia3,7.0,6.8415055
846,2wb5,7.55,7.289646
847,3hzk,6.21,5.9369793
848,1fm9,6.8,6.653376
849,3ozs,7.92,7.0039477
850,1k1o,9.4,7.7025423
851,5nki,2.64,4.240384
852,1hk4,5.8,5.4154754
853,4ufh,6.46,6.3699603
854,5e2p,5.64,7.6912184
855,4mn3,10.96,5.989746
856,1uvt,7.28,7.9238033
857,5l9g,4.43,4.244768
858,5m17,4.43,4.318969
859,6mlp,11.4,8.647707
860,4kz3,8.92,7.8621936
861,5neb,5.32,5.3603625
862,5uov,6.66,5.833135
863,5zw6,7.35,7.4462495
864,6dys,9.08,8.5483
865,3fv1,4.3,5.2539506
866,1zfq,4.3,4.1530566
867,2r5a,5.89,5.420496
868,3tvc,7.5,8.180345
869,3g1d,2.8,4.9335465
870,2ojg,6.43,6.7407823
871,4q9o,2.69,4.466437
872,6qgg,4.3,4.6991954
873,2xbw,8.92,8.12595
874,2pvk,8.7,8.706228
875,3mzc,5.74,6.6721606
876,1gaf,6.12,5.438571
877,4sga,6.4,6.883499
878,3g32,5.28,5.7923846
879,2j79,7.61,5.6138763
880,4aq4,8.3,6.574475
881,1hxw,6.1,6.464746
882,6dak,5.29,5.053851
883,6cwn,6.64,5.7964005
884,1tsy,2.48,5.382196
885,3gst,7.82,6.5109034
886,1hos,5.05,4.7635612
887,4cr9,4.77,5.9310923
888,4k6i,10.96,9.392853
889,1fkw,4.55,4.99389
890,5lyr,10.96,8.942543
891,2aoc,6.12,4.880543
892,2zx8,5.1,5.9716086
893,1a4w,6.59,6.079207
894,4ih5,5.0,7.765693
895,3ts4,8.62,6.7742257
896,4dcs,6.54,5.150202
897,4phu,4.08,4.124754
898,6dh2,4.9,5.5431495
899,6dz3,8.54,6.2331967
900,2bmk,5.48,7.549905
901,1ols,6.62,6.380026
902,2fzg,4.3,6.003313
903,5isz,7.91,7.4901257
904,4asd,6.08,6.531644
905,5win,4.41,5.1334257
906,5mgj,9.05,7.7171516
907,3ivg,10.47,8.663897
908,5hvs,6.72,6.3463225
909,5std,4.89,5.507898
910,4qrh,5.6,4.8321805
911,5f9b,4.69,5.327204
912,5jfu,6.16,7.0551653
913,5jsj,6.8,6.9248886
914,5exm,5.55,7.7976832
915,1a9m,6.97,5.5854383
916,6p85,7.48,8.389032
917,4ghi,7.26,8.402128
918,2za0,9.0,8.524244
919,1d4l,5.32,5.646376
920,6iou,4.15,4.7619905
921,1bm7,5.28,4.8668675
922,3ryz,3.0,4.0289173
923,2h4k,6.92,5.705353
924,2uy5,10.6,9.139448
925,2ymd,6.54,6.454044
926,6gjr,8.82,7.695805
927,6qlr,5.85,6.2574277
928,4aj4,7.77,8.442733
929,1rjk,7.95,7.2143836
930,5jy3,9.44,7.7460904
931,6dsp,9.1,7.3884797
932,5c2o,7.52,6.9081235
933,5nk3,6.54,5.1971717
934,4tim,6.19,6.1449356
935,6h36,7.62,8.303816
936,4qyy,4.88,4.748723
937,6gf9,7.55,7.299454
938,2j47,4.92,4.7838745
939,2xxx,8.7,5.126045
940,6n95,8.29,7.347616
941,4b32,5.59,6.0566926
942,3jyr,6.72,7.715986
943,6e4a,8.6,7.547117
944,3nb5,6.55,6.0779915
945,6g2c,5.13,5.9505715
946,3gi4,5.91,5.9262013
947,3d83,2.77,4.541166
948,4q4o,6.19,5.89477
949,5ka1,7.52,7.334561
950,4y3y,7.15,7.708416
951,1sqo,8.1,8.6594715
952,3uev,8.6,7.2798786
953,1r5y,3.3,3.9906497
954,6eeb,5.31,6.016935
955,1yq7,5.94,6.445271
956,6dyn,9.46,6.3576937
957,5m04,9.19,7.6533523
958,4mul,6.4,7.518408
959,6ajr,8.0,7.9256344
960,6qpl,4.89,5.1186624
961,4bt3,5.21,6.4407964
962,5ost,7.7,6.647644
963,1o2o,5.41,7.047628
964,3iph,9.2,7.2652745
965,2xdx,6.46,5.051405
966,3su2,4.46,4.378394
967,4l4v,5.88,5.0797787
968,1t7d,6.55,6.2560954
969,1fkh,8.11,5.327528
970,6ej3,7.8,8.59819
971,4dkq,7.55,5.5087385
972,5fdi,3.39,5.461012
973,1v2t,5.4,3.658618
974,4e5w,10.8,8.749924
975,3o5x,2.0,4.0551205
976,4ht2,7.15,6.843687
977,4cig,5.92,6.6894393
978,4kyh,7.22,7.631014
979,3nht,6.89,7.570576
980,1atl,6.1,7.7919865
981,2ctc,5.13,5.013995
982,2doo,3.76,5.3799424
983,1j4r,6.19,7.108542
984,3si4,5.16,5.336007
985,5k9w,7.89,5.6577687
986,5o1h,7.68,6.9563684
987,6ql2,7.54,7.593142
988,5ucj,5.94,5.203899
989,2pvl,9.22,7.595155
990,3uo4,6.72,6.095856
991,3v51,8.04,5.137264
992,5xg5,6.89,6.237741
993,6gxe,6.46,5.8135295
994,1lke,6.12,6.82997
995,3bxh,7.7,8.142177
996,1c5c,4.2,5.016227
997,4rfr,4.85,5.4748235
998,3fzn,4.48,6.239799
999,1oau,8.66,7.365463
1000,5i80,5.92,5.997517
1001,1mue,6.29,4.5152755
1002,1m2x,9.32,7.050396
1003,5zhl,6.92,7.8028717
1004,1drk,8.87,7.9133654
1005,6cjs,5.64,5.055037
1006,4z93,6.49,6.0542784
1007,2v3d,3.3,5.2234654
1008,3ckz,8.55,6.435431
1009,3zpu,11.05,9.228313
1010,5wgp,4.61,4.6252937
1011,6e9a,6.96,4.9028015
1012,4ew2,11.0,8.926748
1013,2qzr,7.12,7.6118836
1014,3d2e,10.37,7.317925
1015,1bwa,7.5,7.1986256
1016,5m23,6.84,5.2461934
1017,3zi0,6.49,6.006444
1018,5uoo,6.94,8.544821
1019,3qox,5.24,4.6858807
1020,2qrl,4.44,5.0546894
1021,5i9z,5.39,5.1952767
1022,1c5y,8.1,6.7711525
1023,1ssq,5.32,5.404445
1024,1v16,3.57,5.252415
1025,1f0u,3.61,5.8327556
1026,4u0w,4.1,6.336204
1027,1ql9,5.55,5.5822124
1028,4jx9,3.3,4.330764
1029,6np3,8.48,8.430273
1030,1j36,4.22,4.751664
1031,3o8p,4.48,5.2466955
1032,3muz,3.87,4.987434
1033,6k3l,4.66,5.121353
1034,4ap7,6.94,7.0868263
1035,3e93,2.42,5.069231
1036,1nvq,8.28,7.74441
1037,3bl1,10.77,8.602188
1038,3pju,9.52,7.288244
1039,6g14,8.59,6.943794
1040,6mle,9.05,8.524948
1041,2uwl,7.13,7.8240595
1042,5wa5,2.53,6.149609
1043,1p19,4.66,5.321212
1044,1lpk,5.75,6.138213
1045,2r2m,3.39,4.5962462
1046,5cks,7.24,5.344807
1047,4m7j,6.49,7.1218653
1048,3tb6,8.15,9.463978
1049,1b4z,7.02,6.068078
1050,2oc2,3.22,4.59643
1051,2xg9,4.55,6.3393908
1052,6euw,6.19,5.0733504
1053,3wtl,3.61,5.280438
1054,5g46,7.22,5.135363
1055,4cwq,3.33,4.866822
1056,3bpc,4.17,5.107044
1057,3kr8,8.33,7.1281376
1058,1b05,7.24,6.5310326
1059,4whs,3.77,4.443312
1060,5d3x,3.64,4.102451
1061,4tjz,4.32,4.984308
1062,4g95,5.25,6.628414
1063,2fdp,5.27,8.711748
1064,1e3g,5.72,5.0725636
1065,6nwl,11.57,7.1514916
1066,4few,6.84,7.681523
1067,6g2e,7.51,5.768715
1068,5i2f,6.35,5.1448765
1069,1iiq,6.6,6.33643
1070,2y5f,3.23,4.7135425
1071,2fqy,5.25,4.918593
1072,6gfz,3.6,4.1493263
1073,2vba,7.7,7.2919326
1074,4zx4,2.28,4.5548773
1075,5sz7,6.51,5.7601047
1076,1d7i,7.21,5.6641045
1077,1s19,6.46,5.1343956
1078,6mj4,6.02,5.568283
1079,3k2f,9.55,8.021694
1080,2p7z,5.99,5.691487
1081,3aaq,7.4,7.6493874
1082,4qac,10.82,8.654987
1083,1i5r,6.6,5.467282
1084,5j2x,4.84,3.711054
1085,6h1u,10.52,9.276747
1086,2gh9,9.54,7.655197
1087,4qd6,6.35,5.2351527
1088,3k5x,2.21,3.9678216
1089,3kmx,9.28,8.485744
1090,4hw3,9.26,7.6265893
1091,2ojj,9.64,6.868018
1092,3ip6,5.67,5.917455
1093,2bz6,6.28,6.9558086
1094,2zn7,7.41,4.977931
1095,1cny,6.0,5.361501
1096,2uwd,8.52,7.6857862
1097,3q2j,8.4,6.365866
1098,1j37,5.03,5.9276385
1099,4r3w,7.68,6.2044315
1100,4x6o,9.08,7.8582907
1101,6fhq,8.3,6.5953984
1102,6dj7,8.11,5.104686
1103,4kzu,7.17,7.60577
1104,1hvi,5.82,6.2397304
1105,1ro6,4.96,5.20211
1106,1ai7,7.42,6.8050804
1107,4crb,4.54,4.0378685
1108,3usx,5.4,5.283893
1109,4f9y,7.48,6.9173484
1110,1syi,10.92,9.608767
1111,5l9o,6.28,5.7791286
1112,2wzf,8.24,7.571622
1113,2f94,3.87,6.1964855
1114,3si3,6.4,6.587163
1115,5ose,7.99,7.7648215
1116,5cep,7.66,7.61557
1117,3hb4,6.05,5.1649017
1118,5kby,2.78,3.87846
1119,6cdl,3.61,3.7712111
1120,4kx8,8.44,7.8618293
1121,2yxj,4.6,5.885176
1122,5f0f,4.83,4.7545576
1123,4cws,4.09,5.2975626
1124,2cn0,6.7,5.032755
1125,4z1j,3.72,4.0902896
1126,5etb,8.05,5.909608
1127,2evl,3.2,3.6745694
1128,6eq2,5.37,6.5092406
1129,6j0g,7.35,6.614831
1130,4b7p,6.32,5.51188
1131,1x1z,7.0,5.0526037
1132,4ymx,4.36,5.830022
1133,5upj,5.96,5.4503164
1134,6st0,2.46,5.061384
1135,5mg2,5.21,5.2072062
1136,3pgu,5.96,5.8301234
1137,4mss,4.75,5.7889986
1138,4rn4,4.41,4.6417465
1139,6gxg,3.47,5.2892766
1140,4eoh,8.05,8.010006
1141,6f90,7.41,5.1180286
1142,1f4x,4.29,5.955794
1143,4q1y,5.64,4.157138
1144,1ugx,7.28,7.785826
1145,6mll,2.86,4.5041485
1146,6got,3.42,3.5195413
1147,4dkp,7.19,7.4321213
1148,6gnm,9.15,6.908513
1149,4m2r,11.05,9.264244
1150,4bup,10.07,8.516867
1151,1nt1,8.0,7.14143
1152,5eq1,4.91,5.699674
1153,1c1u,7.0,6.9073715
1154,4llk,7.74,7.650499
1155,3lq2,7.49,5.3019004
1156,3s77,5.4,4.257284
1157,4gzx,2.68,4.44356
1158,2qi3,6.48,5.8170466
1159,1xh5,6.34,6.9029007
1160,5csp,5.74,6.57797
1161,1ocq,7.35,6.35267
1162,4k3n,11.82,8.989492
1163,6otg,4.03,4.2894535
1164,5l4m,5.3,5.972507
1165,2q8z,5.3,5.710044
1166,1h6h,10.55,8.178286
1167,3agl,5.64,4.071266
1168,3r17,8.15,8.074814
1169,4avi,8.6,7.3832874
1170,2vh6,6.32,5.888218
1171,3ozg,7.92,6.8605413
1172,4ax9,6.0,5.799837
1173,5cap,8.15,6.1623774
1174,2gvj,4.35,4.7163596
1175,6eiq,8.52,9.777161
1176,3oy8,6.49,7.005662
1177,5y94,9.7,8.644163
1178,3n3g,7.07,6.6918917
1179,6ma2,5.55,6.050134
1180,4ibg,3.69,3.828996
1181,3huc,8.7,7.6127477
1182,4dsu,11.52,8.414715
1183,2qbw,4.62,4.7951584
1184,6g24,6.02,4.692436
1185,4oak,6.3,6.647916
1186,6dj1,5.27,4.3198204
1187,6cvf,7.37,6.0100346
1188,4u0f,4.82,4.551685
1189,4ygf,9.08,9.201687
1190,4r4t,6.02,5.238273
1191,3a6t,8.38,7.24678
1192,5tp0,2.72,4.526083
1193,2qbq,6.72,6.509354
1194,1zp8,9.57,8.184162
1195,3d7k,9.01,7.0565963
1196,3hmp,5.03,5.2954793
1197,5tpx,5.54,6.765805
1198,3s9e,9.96,7.7305737
1199,2xys,6.02,7.1447477
1200,4fai,6.49,8.0862055
1201,5zdb,3.43,4.73902
1202,6j9w,4.85,7.105619
1203,5fnt,4.49,4.9890094
1204,4w9c,7.33,6.1199617
1205,5l7g,5.72,6.821907
1206,3i7e,3.47,3.9260235
1207,1a4r,2.15,4.0237417
1208,1nki,5.1,5.1111794
1209,5wxh,6.9,4.9884033
1210,1eoc,3.86,6.1687784
1211,6u5y,9.07,7.3172264
1212,4fm7,3.62,5.1909475
1213,4x8v,6.92,6.130294
1214,2pym,8.85,9.004425
1215,5oaj,3.47,4.309562
1216,4io2,7.24,8.681686
1217,5zni,6.01,6.3177133
1218,5anu,8.8,8.67927
1219,5t8o,7.18,5.8032093
1220,6g39,5.92,5.0099754
1221,3fvn,4.19,5.8855824
1222,6ets,6.3,8.441728
1223,3zi8,3.67,6.1048923
1224,3hll,7.43,6.767182
1225,2bak,4.82,4.4109344
1226,4yxi,7.06,7.4203224
1227,5tfx,6.96,6.3448205
1228,3zso,3.55,4.518262
1229,4dfg,8.2,7.9987535
1230,5aan,4.57,5.887107
1231,5kma,4.24,4.5063057
1232,2iwx,5.01,5.038942
1233,3hp9,8.48,9.705927
1234,6eyt,5.62,4.6273975
1235,5nkh,4.15,5.4258885
1236,4rlt,4.91,5.577221
1237,2aoe,7.96,7.0762186
1238,1v7a,6.35,5.755715
1239,5l30,5.82,6.335911
1240,5nk7,3.92,4.9750304
1241,1g7g,3.59,6.334361
1242,4o61,6.22,4.5253077
1243,1u0g,9.4,8.826311
1244,4e1k,5.46,3.686476
1245,4l51,4.03,4.0685844
1246,1gpk,9.15,7.366222
1247,5cs6,8.4,6.407358
1248,5nya,7.49,6.1605954
1249,1lpg,6.88,7.350334
1250,3a1c,6.22,5.5639915
1251,5n1s,4.31,3.9482744
1252,1hvl,7.14,7.664311
1253,3lka,8.4,6.5352583
1254,3tu7,5.15,4.3944993
1255,5zaj,7.87,7.4796057
1256,2pwd,7.05,6.7410173
1257,4q0k,5.92,4.958596
1258,4g90,10.35,7.777916
1259,2rkd,9.74,9.189684
1260,1r1h,5.51,4.3971257
1261,6c7w,4.77,5.790752
1262,1mjj,6.67,7.895
1263,1m2q,5.15,4.614271
1264,4jfs,9.22,8.845816
1265,4qsv,5.92,5.842871
1266,2vmd,5.59,6.50145
1267,2cej,3.8,4.267519
1268,1ydb,5.52,6.93965
1269,4cmo,5.14,5.9048843
1270,5yqx,8.7,6.7293286
1271,5nxg,7.52,7.125538
1272,6aqs,8.25,7.3052273
1273,3isj,6.2,5.8262367
1274,4j48,6.33,6.095199
1275,1jn4,6.4,3.8834047
1276,6dz2,4.62,3.807731
1277,2h15,6.52,4.854452
1278,5kr2,6.72,5.115468
1279,4tln,5.4,7.8967834
1280,1v11,7.15,5.8340616
1281,1mrs,5.05,4.8066883
1282,1txr,8.8,8.076187
1283,1d4j,6.34,3.748383
1284,1m0b,7.66,6.752552
1285,3aau,6.82,7.8917603
1286,4w9k,7.7,5.985275
1287,2xm2,8.1,6.7233768
1288,1szd,4.17,6.964669
1289,3lp7,7.7,6.214531
1290,2ya8,8.05,6.809985
1291,2qg0,4.42,4.516901
1292,2wjg,6.92,6.8489738
1293,4ryd,5.07,6.8386874
1294,5sz0,4.43,5.7324934
1295,4afg,5.96,6.2198577
1296,2j7h,4.7,5.8809223
1297,3hkn,8.42,7.6212807
1298,6d1j,7.66,7.2191744
1299,6hke,7.96,6.5008454
1300,4ahu,4.62,6.5894284
1301,6hh3,10.85,9.01457
1302,5qqp,5.44,5.8238573
1303,1gi7,8.52,7.803439
1304,1hee,8.46,6.6766734
1305,1k1j,4.66,4.3309755
1306,3ebh,6.35,6.225043
1307,1qb9,6.0,6.5610127
1308,3bva,9.17,7.007186
1309,2o0u,4.74,4.784754
1310,3vhd,8.44,5.886441
1311,4ezz,6.92,7.2090797
1312,4kb9,4.12,4.287938
1313,2aod,7.64,7.8496428
1314,2e2p,5.41,4.5331516
1315,5m7u,6.15,6.4836063
1316,6hgf,5.33,4.98206
1317,4rvr,4.59,5.8088746
1318,3bwj,8.32,6.8257704
1319,4tun,10.52,8.591686
1320,5qtt,4.96,5.042102
1321,3h5b,8.0,7.138521
1322,1jak,2.82,3.9512575
1323,5j64,6.53,5.9780054
1324,5za8,6.34,7.901344
1325,6faa,8.92,7.401122
1326,6rtw,7.64,7.806863
1327,2a5c,7.72,6.8937225
1328,3nw3,3.38,4.687546
1329,2r9x,6.23,6.253078
1330,3rz5,5.32,4.069742
1331,4cpw,8.11,7.53289
1332,5tbm,4.07,3.8764312
1333,4en4,5.48,5.676619
1334,5edd,6.7,7.3228436
1335,2bok,5.51,4.212079
1336,5zyl,6.03,4.7550516
1337,3hu3,4.78,4.9280696
1338,3f7i,4.71,5.628696
1339,5z7b,8.57,7.400138
1340,3lp4,3.74,4.2562623
1341,1aj7,6.4,7.329431
1342,1bzy,4.7,5.676244
1343,1f4e,9.7,4.678837
1344,1d2e,8.7,8.508258
1345,3ekv,5.7,6.9879866
1346,3f3c,6.35,4.6844435
1347,5e6o,3.59,5.133838
1348,5ko5,6.03,7.19469
1349,6bbx,8.97,7.5495424
1350,2rcb,9.27,8.634117
1351,5j3l,5.08,4.5370693
1352,6kjd,9.21,7.569831
1353,5g17,7.34,6.20701
1354,3rv8,6.55,7.7683387
1355,5nea,5.85,5.15456
1356,1aaq,4.34,5.86066
1357,1fcx,8.3,8.09371
1358,4bck,9.4,7.1279087
1359,1alw,6.36,6.668052
1360,2r43,7.96,8.250444
1361,5nxp,7.22,6.7595606
1362,3zk6,7.41,7.2411866
1363,6nfh,7.6,7.413275
1364,5xsr,7.36,6.560762
1365,5mkr,7.85,6.1534066
1366,3ekr,9.01,8.623619
1367,1hvj,3.66,5.6986237
1368,3sv2,3.05,4.353298
1369,5nap,5.68,6.3736386
1370,1k1m,8.85,6.9238086
1371,4io6,8.52,6.236723
1372,6ugz,4.11,5.557688
1373,4zbi,3.44,4.1209154
1374,3s78,8.3,7.7685223
1375,2qi1,6.66,6.8309317
1376,3o75,4.7,6.1641517
1377,4d1j,4.54,5.4643354
1378,4ab9,4.52,5.052012
1379,2yz3,4.11,5.2562823
1380,3cs7,6.46,5.750647
1381,4dzy,4.59,4.215167
1382,2zxg,7.42,7.5562396
1383,6fyz,4.58,5.2520146
1384,5ey0,4.75,6.332909
1385,3qaa,3.64,3.7168057
1386,1p1n,7.0,7.078531
1387,2ya7,5.92,5.6955523
1388,2rcn,5.57,4.9011703
1389,5l4j,5.4,6.3071914
1390,5nkb,5.04,4.777844
1391,4ngm,4.96,5.8633227
1392,6hzy,8.22,8.406077
1393,1g98,5.94,6.494127
1394,4pee,5.44,5.4541216
1395,4a4q,9.82,8.119811
1396,5k0m,5.6,5.9560823
1397,1y3v,6.66,5.4795876
1398,2v2q,6.82,7.6423535
1399,3gta,9.96,7.7790875
1400,4k3h,5.12,5.363242
1401,6pge,4.07,5.9155855
1402,1k6p,9.08,8.092529
1403,3mxd,2.47,3.1274755
1404,1jeu,5.35,4.233035
1405,4luz,5.22,4.6521235
1406,3f3d,9.07,6.978024
1407,5my8,11.22,8.003578
1408,3g2y,7.0,7.1272826
1409,3d8w,4.98,6.358094
1410,6h33,9.49,7.867999
1411,1ua4,7.89,5.4212966
1412,4bi6,5.57,5.4048815
1413,6dq4,9.35,7.449062
1414,3ryv,7.82,6.598775
1415,6ajy,5.22,5.133692
1416,1azm,10.46,9.147116
1417,5ijr,8.66,8.005529
1418,2pgz,5.88,5.900045
1419,3ggu,5.57,5.259996
1420,2ez7,4.06,5.1399956
1421,5n9r,8.7,7.841954
1422,5bw4,8.85,7.9842906
1423,6n9l,5.84,4.2239428
1424,5d21,4.53,6.112892
1425,3kgt,5.77,7.113209
1426,4css,5.71,5.3610435
1427,3b7j,3.8,5.6435394
1428,3hl5,4.23,5.2800922
1429,3ibu,8.05,7.1873946
1430,4ayq,6.94,6.1577377
1431,6dy7,6.77,6.066309
1432,6glb,7.43,6.479486
1433,1bnq,5.21,4.5130124
1434,2zz1,7.7,7.593108
1435,4z0q,4.22,4.6543093
1436,1fzq,4.8,5.177727
1437,6gon,5.92,6.574748
1438,5c1w,6.34,5.6170692
1439,6jb4,9.85,8.533991
1440,5ulp,7.7,5.718573
1441,4ysl,6.23,5.2439537
1442,4qew,7.13,6.4783974
1443,4tkb,6.51,7.3400598
1444,3uug,5.15,4.848579
1445,3kmc,6.31,7.1310916
1446,6p87,7.92,7.1398854
1447,2y82,4.55,3.9652698
1448,6o5u,3.32,4.784148
1449,3gvu,3.48,5.326334
1450,4pum,10.52,7.5669017
1451,3rlp,3.51,4.6002207
1452,6ebe,7.6,9.33176
1453,3mfv,7.17,6.30391
1454,6hzb,8.3,8.393276
1455,6r1w,6.84,7.3190436
1456,3ckp,2.62,4.167044
1457,6iez,4.61,5.3085103
1458,4ajl,8.34,8.630007
1459,4rfm,5.15,4.339536
1460,2fzk,6.6,5.543902
1461,4zei,8.19,7.170535
1462,5os4,6.56,7.5077558
1463,1b57,6.2,6.543033
1464,1b2h,4.15,4.8718343
1465,6j9y,4.57,4.108045
1466,5fh7,10.55,8.257199
1467,5tkk,6.22,6.07566
1468,1sgu,7.21,6.905293
1469,2q88,6.0,5.153366
1470,6qqv,4.58,4.444161
1471,3p3g,6.89,5.413735
1472,2xyd,7.28,8.730629
1473,1rnt,4.23,5.1509337
1474,4bny,4.15,4.905058
1475,6dpz,9.34,8.784714
1476,2zdl,4.16,4.251454
1477,1ebw,8.15,7.3964353
1478,3f8e,4.66,5.4508176
1479,6i8y,9.7,7.864368
1480,2pog,4.36,5.4275737
1481,1g74,10.55,7.3834653
1482,3u8l,2.24,4.2011952
1483,1qji,8.05,7.9288025
1484,6cdo,7.84,6.447937
1485,2b4l,5.08,5.53297
1486,6hr2,6.47,6.800156
1487,6g0z,5.38,4.789377
1488,3v4t,8.0,6.315466
1489,1odi,5.47,5.6845527
1490,3nu4,2.96,4.9003687
1491,2oag,7.0,8.833332
1492,1k6c,3.49,3.8228636
1493,1oxr,10.78,8.258064
1494,3dcc,6.7,5.1182566
1495,5lz4,9.7,8.409525
1496,4ehz,7.65,5.9224963
1497,1siv,11.2,7.7460117
1498,3gvb,4.52,6.652489
1499,5zg0,2.89,4.2520676
1500,4jkw,4.85,6.016892
1501,3fv3,5.26,4.5124936
1502,5ahw,6.39,7.069969
1503,2q54,4.89,5.9906807
1504,4x5z,6.28,6.936573
1505,6ugn,9.1,9.297121
1506,3dln,3.42,4.2617373
1507,5kr1,7.77,6.9271913
1508,3igp,6.15,4.907518
1509,3s54,7.8,7.6815734
1510,4hy1,4.89,4.15585
1511,2cf8,4.96,5.363101
1512,3ru1,3.29,5.0889983
1513,4n07,7.22,6.387553
1514,5l2s,6.22,6.3304124
1515,6g2s,5.85,4.855541
1516,1o5c,5.66,5.539531
1517,2fmb,7.22,6.4391775
1518,3c79,9.19,8.089045
1519,2p2a,7.34,6.313694
1520,3d50,8.14,7.210927
1521,1a30,3.0,5.393778
1522,5f2u,3.49,4.4511995
1523,1mu8,5.57,6.865756
1524,3ppq,5.44,6.2309566
1525,3q71,6.15,8.185715
1526,5alb,6.05,6.278425
1527,6s56,7.49,7.593513
1528,4isi,6.49,6.8353004
1529,3b67,6.42,5.639128
1530,3l4u,5.78,5.444761
1531,5njz,4.12,4.6511693
1532,4und,7.8,6.7592306
1533,3gjw,4.89,5.545767
1534,5ufr,5.87,5.8179703
1535,3e92,3.9,3.487611
1536,1k1i,9.52,7.8257685
1537,2vvs,3.52,4.227928
1538,5gmh,7.57,8.109838
1539,4cd5,6.19,4.389277
1540,5om2,4.68,4.75479
1541,6d5h,7.77,7.210209
1542,3zdh,5.25,5.135768
1543,5ne5,8.7,8.323511
1544,6n7d,7.7,5.506619
1545,4i8n,7.27,6.9333625
1546,5amg,5.69,5.0423803
1547,5yas,11.82,7.711949
1548,3fjg,8.24,7.556738
1549,6mub,5.99,5.1893597
1550,1lyb,2.17,4.3247576
1551,2hmu,9.89,6.3530736
1552,2xp7,10.52,7.880387
1553,4zeb,5.97,5.336434
1554,6cvv,8.43,6.8022346
1555,1w5w,5.66,4.279709
1556,2ra6,8.19,7.5368433
1557,4cwt,8.7,8.077387
1558,4ban,6.74,6.3495474
1559,5o5a,7.14,5.2658496
1560,6ezq,6.21,6.662874
1561,1m4h,7.17,6.401648
1562,5a6k,6.92,8.660585
1563,4nue,8.77,4.571248
1564,4ha5,4.47,4.7916574
1565,5u4b,7.19,8.946678
1566,4ynl,8.31,7.7125087
1567,2j34,5.4,5.7404494
1568,4jzi,4.3,4.9974036
1569,1nc3,6.51,7.4121747
1570,3c56,4.52,3.8775368
1571,5vih,4.8,5.251364
1572,1fh9,6.09,5.347624
1573,1f3e,6.35,4.857186
1574,2jjb,5.85,6.8221955
1575,6guh,5.22,5.2810345
1576,2qtn,9.41,8.729559
1577,2zdn,6.76,7.497318
1578,3gcp,5.52,5.6909366
1579,6cjr,4.19,4.6875668
1580,2i4u,6.7,5.7088103
1581,1zea,7.19,7.579447
1582,5ia0,7.84,7.4140315
1583,5ya5,6.29,7.83677
1584,1kuk,6.82,5.8145237
1585,1owe,4.73,3.994182
1586,3w5n,4.5,6.441757
1587,2vqt,6.74,5.970738
1588,6ftf,9.04,7.970468
1589,6ouv,8.52,8.424854
1590,3q7q,5.56,6.38877
1591,1eby,6.52,7.8345304
1592,2zfp,6.79,8.46035
1593,1afl,2.89,4.61187
1594,2zdm,4.04,4.75821
1595,4f6w,4.36,3.731217
1596,4dq2,7.03,6.5323596
1597,6i18,5.82,5.8969765
1598,4agn,5.41,5.2217083
1599,6md0,5.59,5.503452
1600,4crc,5.85,5.277281
1601,6no9,7.25,6.4270964
1602,2f34,3.16,5.444699
1603,3suu,6.22,6.068526
1604,3tzm,8.77,9.032021
1605,5mek,6.7,5.4168377
1606,2x91,8.61,7.680236
1607,3k8c,7.74,6.8637605
1608,3upv,7.4,6.9584737
1609,1qft,8.48,8.89415
1610,5cu4,2.16,3.9621704
1611,4kow,4.42,4.716151
1612,5htz,5.15,4.5992603
1613,4n8q,5.96,6.2208514
1614,5i2e,8.66,6.674461
1615,1sqa,5.13,5.849126
1616,4a6s,5.12,5.5700626
1617,4acc,10.0,9.27598
1618,5mnr,4.43,5.0516677
1619,5nvx,7.22,7.815449
1620,2fw6,6.48,7.207021
1621,4av4,8.47,6.7692895
1622,5hu9,10.0,8.360136
1623,4gzp,8.7,8.039629
1624,5iwg,8.74,6.9409366
1625,3ffg,9.92,6.7509933
1626,5ia5,3.57,4.304655
1627,3hzv,6.96,8.706245
1628,4clj,4.61,6.3216476
1629,1ie9,7.92,8.304811
1630,1kug,3.77,5.8276253
1631,1epo,10.71,9.1780205
1632,2whp,6.43,7.351182
1633,5nw1,5.46,5.203863
1634,3ubd,6.62,6.4301906
1635,5ehr,5.52,5.3096375
1636,6ex1,5.61,5.0641747
1637,6e22,3.7,4.5740876
1638,3cl0,7.0,6.3394504
1639,5fl4,6.71,5.873588
1640,3kjd,2.44,3.83081
1641,3upk,8.05,6.9820037
1642,3std,4.6,6.5803623
1643,1o36,2.59,4.363484
1644,5duw,6.26,6.8548965
1645,2qhy,2.12,3.8431435
1646,3o9d,4.13,4.9110165
1647,4bj8,4.7,4.9781027
1648,3aid,6.7,6.8818793
1649,1d7j,6.25,5.735803
1650,6g2l,6.89,5.809934
1651,6hni,10.9,8.93301
1652,2x00,5.1,5.757626
1653,6b5q,8.7,7.943378
1654,5hz5,4.02,6.6519074
1655,5kqy,6.82,8.243738
1656,1njc,5.57,4.395825
1657,5tuz,5.8,7.7571945
1658,3hf8,7.21,5.925313
1659,3hig,4.89,4.1413236
1660,3o9i,3.28,5.3765244
1661,3ctt,4.99,5.6596575
1662,4zzd,6.77,7.092952
1663,1kc7,9.96,9.205017
1664,4del,7.06,6.000324
1665,1yqy,3.64,4.0232124
1666,4qnb,5.07,5.9440417
1667,3cdb,5.92,4.4896336
1668,6qz5,6.54,6.066581
1669,4j47,3.71,4.702033
1670,6ej2,4.85,6.984316
1671,3gy2,8.14,7.9280643
1672,4e70,5.35,6.0726047
1673,3nox,10.52,8.891405
1674,4uj2,6.87,6.804553
1675,4m2v,8.19,7.9025145
1676,5qal,4.15,6.0581884
1677,5yj8,6.57,6.668493
1678,1apv,5.73,5.1952305
1679,6pg6,7.77,5.554357
1680,5drr,6.98,7.1554823
1681,1ctu,3.6,3.9743252
1682,3pn1,5.96,5.664217
1683,2weo,8.4,7.1076484
1684,6e23,7.43,9.437414
1685,6gnw,7.36,7.4244432
1686,4wrb,2.19,4.089645
1687,6jay,2.92,3.9947157
1688,4gj2,6.82,5.4831147
1689,6mxc,10.1,8.477558
1690,2cc7,6.8,6.2631993
1691,3nx7,7.29,7.1673546
1692,3u6i,3.66,4.5344706
1693,4bps,5.0,5.2201805
1694,2qta,9.22,7.8782697
1695,6dgr,4.6,5.3147497
1696,3wjw,7.09,6.8781233
1697,3o56,4.7,4.1002674
1698,3bxg,7.99,7.5688467
1699,5upz,9.82,5.8331776
1700,1sdv,7.52,7.9689164
1701,6dif,4.12,6.468694
1702,4rj8,11.3,9.57761
1703,1gno,5.03,4.7232475
1704,2j2u,7.22,5.225426
1705,6mli,9.52,8.191603
1706,1ksn,9.89,7.4172215
1707,2y8c,5.06,5.7601423
1708,6jam,4.48,4.741927
1709,4ibk,10.2,9.669977
1710,1df8,6.62,6.3887463
1711,1hms,5.76,7.9699054
1712,4zwx,3.2,3.8642604
1713,4cu7,6.52,6.296137
1714,4cs9,3.1,3.867425
1715,6ecz,5.6,6.7243905
1716,5n1z,10.82,6.7100997
1717,6h2z,2.82,3.6497896
1718,4iie,5.97,4.914168
1719,1ghy,3.6,4.8157043
1720,6bm5,4.2,5.7988305
1721,3h30,7.33,6.312936
1722,5nkg,5.54,4.9871597
1723,6fnr,5.23,4.9959865
1724,5om7,7.04,6.648444
1725,1rp7,7.32,8.013959
1726,1y20,6.4,6.958479
1727,2v25,6.66,5.33057
1728,1nfu,5.99,5.0112724
1729,1s38,4.46,5.6132026
1730,3d6o,7.55,7.344215
1731,1bhx,3.04,3.8473735
1732,3f7g,4.35,4.380609
1733,4x50,7.2,7.6378055
1734,5j7w,6.77,7.1081944
1735,6s4n,6.74,5.963341
1736,4kwo,3.47,5.199878
1737,1afk,7.46,7.1777644
1738,4or4,5.89,5.7639785
1739,4xtz,4.95,6.6037846
1740,1sr7,5.68,6.0784793
1741,3u10,5.89,5.664682
1742,2xm1,6.22,6.203284
1743,4xmb,4.48,6.8649697
1744,2i4d,3.67,5.5403543
1745,1eb2,6.73,7.2168474
1746,3myg,8.82,8.781843
1747,1fzk,8.18,7.2631917
1748,1m0o,10.0,7.8958917
1749,3hvi,3.04,4.912227
1750,6om8,5.7,6.1114306
1751,3qx9,6.78,5.3867116
1752,4pvy,7.6,6.7339687
1753,1o2q,6.6,7.74867
1754,4heg,4.82,4.1806808
1755,4zip,6.54,5.7968564
1756,2aj8,5.19,4.388772
1757,6d3q,9.7,8.050388
1758,3wtj,6.96,7.258391
1759,3f37,9.46,8.435596
1760,5uxf,8.9,8.000095
1761,4cpy,7.21,6.4053082
1762,5km9,7.52,5.7767296
1763,2j7d,9.3,7.6259937
1764,1m2r,5.54,7.189547
1765,1w4q,7.08,7.5651484
1766,2bal,7.7,5.2526574
1767,5fnd,4.56,6.7784324
1768,1h2k,9.3,7.4977255
1769,3fql,8.34,9.622128
1770,4b2l,7.43,5.464851
1771,1ajn,7.8,8.655039
1772,4gny,6.35,6.1370616
1773,4bf1,6.64,6.3633313
1774,5dgw,8.74,8.344551
1775,4hpi,7.52,7.295115
1776,6hq7,9.4,7.7090077
1777,1w4o,7.15,7.6393766
1778,2rkf,7.08,7.6041574
1779,6n3x,7.4,8.106708
1780,4q6d,5.47,6.279962
1781,5dey,10.0,7.5716567
1782,2j4i,7.9,7.899943
1783,3qtv,6.48,7.3076844
1784,5bwc,4.1,4.8384733
1785,3juo,6.82,4.314028
1786,1nfw,8.92,9.417433
1787,1n4k,9.27,6.0987883
1788,1xkk,7.2,5.525822
1789,3d52,6.92,6.691525
1790,6dyu,9.15,6.732105
1791,3dyo,9.1,6.665502
1792,3qto,7.92,7.9422617
1793,5mod,3.65,3.7731025
1794,6ays,7.02,7.873879
1795,3uod,4.72,5.388508
1796,4pb2,7.52,7.2025604
1797,2j7f,7.66,8.165727
1798,4b9k,4.59,4.9353685
1799,2qtt,2.35,3.8517618
1800,1v2w,7.85,6.409077
1801,3n76,7.28,5.5660753
1802,6qqz,7.31,7.2617245
1803,1hi4,5.62,6.304976
1804,4m0f,4.61,6.641531
1805,5dit,5.89,4.0421553
1806,4riv,2.7,4.351569
1807,1g2k,7.25,6.162823
1808,4igt,4.22,6.268779
1809,6oe0,8.7,7.997809
1810,4lxz,8.52,7.8460617
1811,5u49,2.52,5.6025834
1812,4ewn,9.74,6.0390887
1813,4j45,8.3,6.671063
1814,2wk6,4.01,5.8971286
1815,6jb0,4.6,5.7306747
1816,5mpz,8.1,7.3487105
1817,2p7g,7.52,7.3066797
1818,5ihh,4.18,5.631147
1819,5mlj,4.94,4.705972
1820,1amk,2.22,5.0333514
1821,1elc,5.52,6.129407
1822,3ies,7.5,8.958401
1823,5h85,8.47,7.9484563
1824,6e5l,2.0,4.391322
1825,6eq1,4.47,4.0664597
1826,6gnp,5.89,4.678913
1827,1k4h,7.74,7.45239
1828,4fht,7.52,6.303811
1829,3f33,4.92,5.4657454
1830,4yho,6.4,5.2771373
1831,5btx,5.25,5.1884575
1832,4lbu,9.28,8.169005
1833,3eko,8.6,7.846808
1834,1zhy,11.7,7.691548
1835,4der,7.28,7.0948706
1836,3pd8,6.41,5.287623
1837,5yjm,2.22,3.726949
1838,2v77,4.38,5.2643776
1839,2jh0,7.6,7.0399394
1840,4q1w,7.57,4.8905215
1841,6ayi,2.74,4.558701
1842,3cd7,6.3,5.6851854
1843,2fqt,8.41,5.832833
1844,3nuo,4.76,5.5155983
1845,2p09,5.94,5.619908
1846,1gyx,3.31,4.309149
1847,1xk9,7.85,6.833595
1848,5ivy,9.29,8.782252
1849,1e2l,5.05,6.3293295
1850,1gyy,8.7,7.1789346
1851,1kmy,9.68,9.093512
1852,1ghw,3.96,6.465808
1853,3qdd,8.33,7.562901
1854,6b59,8.11,9.45203
1855,4zek,8.02,5.7576814
1856,1zsf,7.24,6.6684985
1857,4uac,7.89,6.2281413
1858,2v95,7.69,6.1912622
1859,3n2u,11.68,9.551308
1860,4pqa,5.92,7.1553717
1861,5i7x,3.97,5.8479047
1862,2qwf,3.75,4.6712136
1863,5jq5,8.81,7.3599114
1864,3qfz,3.82,3.621995
1865,2jfz,4.7,4.149942
1866,5hcv,4.82,5.056817
1867,5nxo,7.17,6.832316
1868,5ikb,4.7,4.9203095
1869,3b4f,7.66,6.9483294
1870,4b6s,9.82,6.704307
1871,3rm4,7.85,9.308254
1872,4bkt,8.4,8.053708
1873,5b5f,5.62,5.4847846
1874,3ao2,9.41,8.579643
1875,5n84,5.74,6.0803843
1876,2xii,6.22,5.198009
1877,4b5w,2.93,5.098002
1878,4q4q,6.55,6.8003554
1879,5nk4,2.64,3.6977596
1880,4do5,6.58,6.5623674
1881,4mhy,5.02,8.196384
1882,4r76,4.79,4.6566925
1883,5ouh,5.42,5.585478
1884,1hp5,8.94,7.0199866
1885,5kr0,5.14,6.7427883
1886,2zjw,9.64,7.1194425
1887,4ufi,4.7,4.5742188
1888,2iuz,3.3,3.6652305
1889,1b40,8.05,6.746263
1890,1hmt,2.81,5.398623
1891,2xeg,6.83,7.171231
1892,4ibj,3.07,3.8190887
1893,6t1l,4.6,5.1408787
1894,5ef7,4.21,3.7935917
1895,5hrw,5.22,6.592403
1896,6r13,4.35,4.042671
1897,1efy,3.35,3.6429925
1898,5j1x,3.8,5.522294
1899,2gl0,6.26,5.6991897
1900,1hvk,2.89,3.5374877
1901,4azi,5.1,7.06495
1902,6qr1,3.85,5.259446
1903,2i0a,6.92,5.494588
1904,3wgg,5.11,4.9513693
1905,3sw8,10.05,4.9919224
1906,6p83,6.52,6.3972363
1907,3dx3,5.87,6.2062135
1908,6ajv,6.3,6.7625976
1909,1xd0,3.58,4.102458
1910,5oh7,5.07,5.087496
1911,5y13,6.68,5.6869245
1912,1d3p,7.0,7.457262
1913,5h1t,4.62,4.88897
1914,3f18,7.72,5.396896
1915,1mfa,4.85,5.3894205
1916,1qk3,6.95,8.051468
1917,3p9l,6.74,6.500042
1918,3u92,8.96,7.7008967
1919,2pov,6.0,5.0367274
1920,2xog,5.11,4.9270267
1921,4b2i,5.0,5.4859214
1922,4gqq,7.15,8.398882
1923,3gdt,4.22,4.453535
1924,4jym,5.15,4.3928056
1925,5fl6,9.3,8.000154
1926,6i17,5.55,5.1996694
1927,1ogz,6.54,7.326255
1928,2y5h,7.07,7.8523154
1929,2hb1,5.07,4.71801
1930,4gq4,3.0,3.8804011
1931,2wec,7.4,6.2909017
1932,5sz1,9.4,7.5932
1933,6mj7,6.85,5.54977
1934,6nmb,7.94,5.664457
1935,4rrf,6.19,5.3260117
1936,4gih,4.87,5.4256287
1937,1fcz,3.4,5.15388
1938,4csd,5.22,5.400102
1939,5uez,4.82,4.1632767
1940,2bpv,5.1,5.2923083
1941,4e6q,8.7,9.016821
1942,2e94,7.7,4.9654436
1943,1b8o,4.27,5.30816
1944,4y8x,4.3,4.4366684
1945,2zx7,4.86,4.954141
1946,5v0n,7.04,7.557327
1947,5o9r,4.48,6.089852
1948,3cke,6.88,7.951727
1949,3tfp,6.46,6.769923
1950,6n79,6.32,2.1204531
1951,5fh8,8.7,7.436763
1952,2e27,5.57,5.66057
1953,1ppm,4.74,5.577918
1954,2vpe,3.16,4.503095
1955,3sut,5.37,8.025175
1956,2wl0,3.69,4.9468694
1957,2aog,5.85,5.542385
1958,4xy8,8.0,7.6330323
1959,6f1n,5.0,7.5943155
1960,6pvv,8.96,5.653984
1961,2i80,7.7,6.8226976
1962,3djq,6.79,7.7610183
1963,4rlw,6.03,6.1854243
1964,5mwy,6.82,6.484119
1965,6r9u,6.89,7.675018
1966,3t6b,8.29,8.286659
1967,3djk,3.57,4.403699
1968,6h2t,7.3,5.070911
1969,6md8,5.97,6.6557603
1970,5mks,5.34,7.3851614
1971,3djo,8.17,7.852539
1972,1vyf,9.82,8.839375
1973,1grp,7.09,7.2282476
1974,2vkm,7.36,8.131837
1975,1fch,7.32,8.256434
1976,1ejn,6.85,5.885076
1977,3m67,6.49,5.296875
1978,1i9n,8.4,7.468468
1979,5d6j,8.82,6.5719433
1980,5kly,5.22,4.5353394
1981,5o9q,5.1,5.142258
1982,6mqe,6.66,5.9873405
1983,5vij,6.85,6.3785963
1984,5xo7,3.72,4.671007
1985,2tmn,8.4,6.701384
1986,3mv0,8.12,7.2560797
1987,4hge,6.0,6.140155
1988,3r24,5.79,5.7643814
1989,1k1y,4.3,5.0982847
1990,4h3f,7.57,7.618604
1991,2vzr,6.54,7.014103
1992,5osl,3.59,4.0670958
1993,3gv9,4.12,4.329101
1994,3nzk,8.0,7.0858536
1995,2gsu,4.18,5.6212363
1996,2p4j,6.6,6.2984786
1997,4jyc,2.8,3.9039822
1998,1uz4,8.77,7.14712
1999,4azb,5.04,5.7192235
2000,5hz9,6.8,5.892107
2001,2qbs,5.16,5.966175
2002,3hkq,3.0,5.043053
2003,2h4g,5.19,5.9738784
2004,2gv7,7.36,7.863093
2005,5wl0,9.2,8.21137
2006,5od1,5.09,5.299851
2007,5oss,6.55,7.126895
2008,6f3b,8.0,6.8888226
2009,3sxf,7.09,6.842748
2010,2j7g,8.0,6.3808956
2011,1hi5,4.76,4.8051887
2012,2ce9,5.82,5.0569353
2013,2o4n,3.13,4.8389196
2014,4f1l,3.77,3.8403986
2015,2amt,7.82,8.759411
2016,4m13,7.85,7.0797005
2017,5mrp,4.65,5.0122576
2018,4rfd,9.55,7.72229
2019,6hm1,7.15,6.1026235
2020,1f57,10.3,8.419371
2021,3brn,4.94,5.380582
2022,4m0e,7.22,6.772983
2023,2nmz,9.7,7.811627
2024,5a5q,3.1,4.257148
2025,1g1d,4.89,5.341043
2026,2o4z,6.37,6.2009373
2027,2xc0,9.09,5.933963
2028,4zvi,7.77,6.591658
2029,2vwm,6.68,6.140082
2030,5nk9,5.15,4.453761
2031,3k4q,7.28,6.1224174
2032,3ppp,6.89,5.4404545
2033,4p6x,8.64,6.338772
2034,6ppy,6.61,5.4814687
2035,1hpo,4.33,5.3775444
2036,2wc3,6.1,4.584996
2037,1b55,5.51,5.5001526
2038,1vfn,6.14,6.6335564
2039,3a2o,6.62,5.546865
2040,3rdo,6.82,5.906074
2041,3tcg,5.54,5.372375
2042,4uoh,8.6,8.684315
2043,5aml,6.38,7.828197
2044,5vc4,7.66,8.055786
2045,4g0q,2.7,3.8739278
2046,4xoc,5.75,5.714049
2047,2f1g,6.51,6.186436
2048,6qr0,9.24,7.5392156
2049,1nvs,5.85,7.5748854
2050,1nhz,8.26,7.1896405
2051,5t9z,3.92,5.450551
2052,1kel,8.14,8.752501
2053,5fpk,6.96,5.280311
2054,6e1z,6.74,8.239107
2055,2vhj,8.08,6.2089896
2056,3wmc,6.3,5.222279
2057,2vwn,4.0,4.126788
2058,4r06,7.57,5.707011
2059,3neo,5.22,4.763507
2060,3c2o,6.88,7.2297125
2061,4h75,6.96,5.8558936
2062,2rio,4.32,5.038236
2063,1ydk,7.12,5.9855275
2064,2yhw,9.3,8.428746
2065,5n0e,6.14,7.4530005
2066,6jao,8.38,7.2915897
2067,1qbt,5.68,4.7962303
2068,5zvw,3.0,4.267153
2069,3pck,5.05,6.1197896
2070,6ht1,6.25,6.1516104
2071,1np0,6.55,5.1722226
2072,2uxi,7.74,7.2792735
2073,3ipu,6.7,5.651567
2074,3pce,3.03,4.054841
2075,4u43,5.55,4.8755264
2076,6b4l,4.48,4.814718
2077,4dbm,5.82,5.159637
2078,5dex,9.05,7.8648386
2079,2oxn,5.92,7.143216
2080,6gwr,8.3,8.140032
2081,1oar,8.72,8.548058
2082,4x5p,11.28,7.1762767
2083,5yfs,4.41,5.8991876
2084,4jss,6.72,6.7882967
2085,3mi2,7.77,7.2629476
2086,6e7t,6.11,6.951582
2087,6gvz,4.7,4.939017
2088,4hdb,6.15,7.4598684
2089,5nih,4.3,4.486329
2090,5ljt,6.54,6.8398676
2091,4lko,4.65,5.6453867
2092,5am7,5.55,4.1278563
2093,5vgy,5.52,4.043206
2094,3jy0,8.0,6.3933835
2095,3ov1,8.49,9.112776
2096,4je8,4.51,5.0395474
2097,4mq6,5.9,5.3854146
2098,1mh5,5.07,5.3527884
2099,3ibn,4.1,5.822734
2100,5z66,10.22,7.2834606
2101,6p84,8.32,6.3534636
2102,4eb8,6.01,5.374165
2103,5evd,7.68,5.674563
2104,6jaw,5.35,5.545671
2105,1zge,4.84,4.7341022
2106,3f78,4.25,5.4920063
2107,5sz5,4.43,4.9566946
2108,6g5u,6.4,4.7924843
2109,5cst,3.46,4.6044483
2110,6hax,6.68,4.703014
2111,5nvw,8.52,6.1766005
2112,3r7o,3.3,3.9221148
2113,5nlk,6.85,6.1201205
2114,4fxq,6.17,6.2056637
2115,4q93,5.0,6.1199384
2116,1okl,6.77,7.0716715
2117,1a9q,5.96,6.4203424
2118,4oma,5.39,4.684591
2119,2fxv,8.2,6.41003
2120,4tkj,8.22,5.501516
2121,4z2b,7.09,6.820093
2122,2mas,5.55,7.248554
2123,2xab,4.8,8.513859
2124,2ya6,6.2,6.4605393
2125,4b8y,7.1,7.444913
2126,3b50,6.64,6.717911
2127,4hla,10.7,8.382425
2128,2vvc,6.72,8.140324
2129,4kz7,3.14,6.0155773
2130,5efj,2.55,3.7765853
2131,5m9w,5.79,7.246595
2132,4wiv,8.25,7.879215
2133,6en5,5.44,4.9802947
2134,1n0s,5.46,6.0997634
2135,2b1i,7.68,4.3743544
2136,5cc2,7.44,8.326838
2137,2pq9,6.11,6.794253
2138,2rk8,7.57,8.163257
2139,2v88,5.21,5.303914
2140,4bb9,5.89,5.8537173
2141,1ec0,5.63,4.482607
2142,4hzm,7.76,7.134704
2143,4u54,5.68,6.865147
2144,4z83,7.05,7.346662
2145,6d9s,3.01,3.8861544
2146,6cpw,3.32,4.389824
2147,1g36,7.57,5.391354
2148,3gi6,3.64,4.032405
2149,3v5p,4.5,5.1512165
2150,6mla,7.7,7.7904797
2151,3gs6,5.59,7.7874894
2152,3liw,5.11,5.037348
2153,4emf,4.89,6.555083
2154,1fiv,8.38,4.797784
2155,4unp,9.85,6.6715546
2156,4p58,4.77,4.654144
2157,3mof,6.63,7.6903734
2158,5nn5,8.74,8.555834
2159,4jn2,5.42,5.1770673
2160,6arm,9.82,8.675647
2161,6ckr,10.21,8.850815
2162,1tq4,7.96,7.232731
2163,2pk5,10.0,8.196533
2164,6q3y,7.72,7.54609
2165,4ual,3.15,5.532888
2166,6a87,2.3,4.276943
2167,5jxn,3.94,6.26727
2168,2wr8,6.74,4.456153
2169,5elw,3.62,4.9303985
2170,1pz5,11.57,9.595467
2171,5d3n,5.0,7.879129
2172,5dqe,5.3,5.0698605
2173,3g35,7.96,8.387253
2174,2v2c,5.46,5.696458
2175,4xya,5.47,5.3281507
2176,2rkg,8.22,7.5269732
2177,4agc,4.54,4.5956745
2178,3zj6,9.21,6.731331
2179,5edb,7.85,5.011169
2180,5vd3,5.74,4.55896
2181,3ibi,3.93,4.759082
2182,4nh7,6.05,4.3384004
2183,5fou,8.85,8.587984
2184,6n7b,4.06,5.146476
2185,4qfl,9.52,8.715164
2186,1sw2,8.15,7.812688
2187,4ad6,4.03,4.237166
2188,4y4j,7.8,7.1442227
2189,3ng4,7.12,6.453724
2190,4poj,4.0,5.650154
2191,1q65,3.0,4.6896067
2192,5oa6,5.24,5.931002
2193,6mkw,5.52,4.1663666
2194,6udv,4.26,6.7428536
2195,4exs,9.52,8.02472
2196,3iue,7.48,6.3918962
2197,3ddf,9.96,9.663694
2198,4o0y,6.32,7.4752984
2199,5j0d,6.92,6.3800426
2200,5l8y,8.61,7.020329
2201,1f0r,5.21,7.0981674
2202,4p5z,9.0,6.543843
2203,6gjn,10.29,8.392815
2204,4bi7,5.22,3.8587055
2205,3hmo,4.85,3.8027546
2206,3rz8,6.62,4.877253
2207,4kfq,5.7,6.9353657
2208,4kzq,4.55,4.244828
2209,5orv,4.32,4.524682
2210,3rux,8.62,7.378426
2211,5dw2,8.0,7.1773086
2212,2qbp,7.89,7.6267548
2213,3ug2,8.4,6.413597
2214,4dkr,5.8,4.7887306
2215,5ito,5.21,6.3706284
2216,5oht,3.49,5.8742805
2217,3t1m,4.68,4.7867765
2218,3tsk,7.07,6.8035483
2219,5wqc,8.19,7.87883
2220,1om1,6.7,5.0225263
2221,5i3w,7.18,6.6934233
2222,5tuo,7.85,7.676047
2223,4nwc,7.55,5.0069246
2224,1hxb,5.04,4.511757
2225,4fzj,6.77,7.5752935
2226,3hv8,9.57,7.162527
2227,3ta0,10.59,8.162741
2228,4km0,7.39,5.7043605
2229,2jf4,7.77,8.537897
2230,4m8x,9.1,8.120804
2231,4p6c,8.96,6.664172
2232,1wht,5.18,5.3955092
2233,2yix,4.32,4.9979296
2234,3cz1,9.7,9.041395
2235,5igm,5.28,5.362466
2236,1uz1,7.22,6.2756877
2237,3s0e,8.59,7.3773556
2238,3gt9,5.58,5.533498
2239,1f74,5.82,6.375057
2240,2f7o,6.38,6.9328365
2241,4pzv,7.6,7.1202354
2242,4q3u,4.84,5.6123285
2243,3hit,6.33,7.7720327
2244,5cas,8.85,8.593859
2245,1ezq,5.82,6.2908373
2246,3ljo,6.49,5.7116265
2247,6epa,7.52,7.032073
2248,1v1j,7.77,7.597072
2249,6g2m,6.27,8.080182
2250,1rpf,9.96,9.18214
2251,6pg7,7.1,7.196337
2252,6dpt,4.41,6.441327
2253,3gtc,10.8,7.0799236
2254,1ork,8.0,8.074247
2255,2ha3,7.75,6.972438
2256,3pe2,2.34,4.2087665
2257,4uc5,5.65,5.623123
2258,4yyt,6.1,6.4960628
2259,2zkj,6.16,4.901458
2260,4pow,7.3,5.6935105
2261,6b4u,6.36,6.093223
2262,6j7e,5.37,6.617436
2263,6pvz,4.69,4.891566
2264,4cra,7.0,6.656965
2265,2qd6,6.65,7.56589
2266,5yhe,6.08,6.537376
2267,3iae,6.86,7.047256
2268,4gfo,5.66,6.9491343
2269,2aac,6.03,8.9791565
2270,5ny3,7.14,7.851632
2271,3zt3,10.59,8.981655
2272,1o35,6.07,5.71074
2273,1stc,7.3,6.2475524
2274,1d9i,7.1,5.9900284
2275,4ucc,6.85,5.270714
2276,6np2,3.33,5.4493346
2277,4iwz,4.52,6.498677
2278,1bn1,4.07,4.484939
2279,3prs,8.64,8.054388
2280,1q8w,5.64,4.5710545
2281,4i8z,6.14,5.8037367
2282,1cbx,5.57,5.571661
2283,1k1l,3.62,4.5883303
2284,4cc5,5.0,4.6732945
2285,3el5,5.77,6.454208
2286,5a81,6.46,7.176974
2287,5sz2,6.28,5.1991677
2288,5hrv,6.6,7.1208844
2289,2v3u,8.17,7.754562
2290,4f09,2.16,3.9628167
2291,2pwc,10.17,7.397234
2292,4d7b,7.77,6.920054
2293,6q54,7.32,6.817807
2294,3fuc,2.3,3.6179104
2295,5ehv,7.19,6.3336945
2296,4djo,6.0,4.133214
2297,5wlo,8.47,8.548305
2298,2i19,10.7,8.293297
2299,5l7h,2.82,5.173839
2300,3u93,4.15,5.048224
2301,1b4h,3.38,4.739763
2302,1pyn,6.85,4.6523995
2303,1f5l,4.77,6.699018
2304,3sjf,6.17,7.4080367
2305,3aqt,8.0,7.2465253
2306,4bcn,4.4,5.493728
2307,2fxu,4.63,4.446479
2308,6dzx,5.24,5.7426105
2309,1j17,7.21,6.652962
2310,2pqb,7.11,7.7176266
2311,2cbz,6.7,7.0702586
2312,5mz8,8.0,8.067477
2313,6euc,4.82,6.5505877
2314,3c88,5.89,6.8608384
2315,3fvk,10.35,9.053383
2316,1gnn,2.12,4.4372377
2317,6qqq,7.13,8.479731
2318,5mmg,6.36,6.306664
2319,2baj,6.07,4.7182035
2320,3m5e,3.8,4.5695105
2321,5nbw,6.33,6.319678
2322,1xow,7.11,7.348702
2323,6hgr,7.95,6.262952
2324,6idb,7.49,7.739301
2325,5t9u,4.91,4.6190658
2326,5egm,6.62,6.881204
2327,6f05,4.89,5.280262
2328,2x97,5.31,5.8841114
2329,4oc2,7.77,6.131286
2330,5sz4,7.77,7.5266004
2331,3qqs,6.51,6.0077405
2332,4mdn,4.35,5.4039288
2333,4jxs,8.0,6.588213
2334,3t2w,4.11,5.5138345
2335,3tao,5.82,4.964161
2336,4o0a,5.43,4.604533
2337,2p3i,7.47,7.222237
2338,6nsv,9.51,7.3044167
2339,1t31,5.82,6.2584095
2340,3f8f,7.17,7.6842594
2341,3fas,5.48,5.189174
2342,6dgl,5.0,8.250968
2343,5lvl,5.85,4.327051
2344,1h2t,3.35,4.14944
2345,2wca,9.0,8.476475
2346,2yb0,5.8,6.9302225
2347,3cd5,6.89,4.7864847
2348,1fo0,7.34,6.473202
2349,3f5k,7.74,8.509648
2350,1ivp,6.03,6.4987903
2351,1b6k,7.72,8.020111
2352,2ylc,4.15,4.640238
2353,4ibi,7.85,6.2908497
2354,6e7r,8.74,9.213207
2355,3tkw,7.64,6.6682124
2356,4yml,5.29,6.2744875
2357,2vw1,5.59,5.5058694
2358,1uml,4.51,4.8608494
2359,2j27,3.4,4.368952
2360,2wf5,4.89,6.572721
2361,3jdw,9.13,7.742476
2362,4mme,10.12,6.9925985
2363,4zw5,8.62,3.9936612
2364,5i3x,4.97,4.7845917
2365,6haz,5.77,7.8753986
2366,3uzj,6.45,6.979797
2367,6j3p,6.11,6.151806
2368,6g38,3.4,4.1644015
2369,1mai,6.34,7.3474894
2370,1uho,7.06,4.234812
2371,1ppc,9.05,7.6385937
2372,5ndf,10.64,7.3858323
2373,6fuj,8.7,6.7292757
2374,5d48,6.12,6.390545
2375,5lny,7.18,8.09003
2376,6bs4,6.28,6.1458063
2377,6g29,8.89,6.3617916
2378,1ai5,7.62,7.6400304
2379,3r88,3.87,6.323382
2380,1moq,9.84,9.7043495
2381,3lea,6.14,5.570601
2382,3wha,7.54,6.951505
2383,2xht,8.79,5.842284
2384,3ap4,8.22,8.769564
2385,3iod,3.66,4.1308618
2386,3pyy,4.35,6.72487
2387,3iw6,7.68,6.189205
2388,4pg9,4.82,5.4330344
2389,5dbm,2.98,4.4806232
2390,5eh8,6.1,6.369944
2391,5dus,4.24,4.0901756
2392,4q1x,3.4,4.7133126
2393,3vbd,7.63,7.2224536
2394,1f8d,6.91,4.996176
2395,4qij,4.92,5.9045596
2396,1v0l,8.6,9.1858635
2397,3r4n,8.43,7.72178
2398,6c7x,4.15,5.921722
2399,6c9s,7.96,7.759484
2400,6qlo,6.3,6.982232
2401,1g48,5.48,5.0889087
2402,2o4r,6.44,7.735882
2403,1w3l,4.38,5.4948535
2404,4f0c,7.84,7.5349503
2405,1bai,7.59,7.3716
2406,5ult,8.27,8.871513
2407,2q38,7.6,6.5209336
2408,1bnw,6.84,7.1701307
2409,4nbl,4.67,4.6514034
2410,2pow,5.85,4.459097
2411,3g1v,4.26,5.621082
2412,5fox,2.77,3.8082101
2413,1b51,3.1,4.7269697
2414,1hpv,3.99,4.2464223
2415,2r23,8.89,8.494726
2416,6olx,5.52,6.402361
2417,6e6m,4.7,4.264881
2418,2cf9,8.72,5.8734574
2419,3k8q,10.05,7.787073
2420,4ogj,7.72,7.8236227
2421,4zb6,7.13,6.413517
2422,4gzt,6.42,4.9239206
2423,6cfc,5.0,4.748743
2424,6u6w,7.92,7.9350452
2425,2a5b,4.4,6.702758
2426,6equ,6.8,6.1042695
2427,6oqb,6.6,5.028946
2428,2p4s,6.55,5.6795177
2429,1bzc,11.74,9.590282
2430,6mm2,6.82,5.4575534
2431,1pzi,5.8,4.482232
2432,3cct,4.61,3.9769673
2433,4re4,4.74,6.4574566
2434,6jan,4.14,4.9938493
2435,1fzm,9.51,8.598072
2436,2vpo,9.18,7.6793704
2437,1bju,7.52,8.327045
2438,4mgd,6.54,6.316176
2439,4og4,8.09,7.087892
2440,5f1x,4.0,4.6568155
2441,1i1e,7.07,7.0297627
2442,6as8,7.92,5.988744
2443,2jdm,5.09,4.6714106
2444,1qan,5.24,6.7398243
2445,2gss,8.05,6.693994
2446,3b1m,7.8,6.484682
2447,4ksy,6.04,5.581102
2448,1ceb,8.4,7.3005614
2449,1b32,9.27,7.5747805
2450,1hfs,3.18,4.125621
2451,6dd0,11.52,9.158575
2452,6hpw,5.38,5.663417
2453,1q72,7.66,6.7353597
2454,6fgg,7.09,5.1048946
2455,2wc4,3.92,3.637412
2456,4iuo,7.29,7.5450044
2457,5zc5,5.82,5.771681
2458,4ase,7.19,5.782385
2459,6ckw,9.8,7.9388065
2460,2e2r,7.28,5.203065
2461,1lnm,5.51,6.041191
2462,6cwh,5.34,5.928508
2463,2c94,3.95,3.935817
2464,2wky,7.74,6.4015884
2465,4ruz,6.6,6.7463694
2466,4qgi,3.77,5.399328
2467,5oxk,4.82,5.2278423
2468,5nwe,5.0,4.988407
2469,5x62,3.15,4.1744676
2470,1qbu,6.7,6.127118
2471,2qrk,7.16,4.862199
2472,2vk6,3.8,5.2060356
2473,4aba,10.57,8.597216
2474,5d3h,5.54,7.5088625
2475,1w13,5.4,4.861367
2476,3pcj,5.22,4.4508457
2477,2f81,4.2,4.907071
2478,1ui0,7.66,8.412662
2479,3zv7,5.89,5.2028017
2480,4czs,5.62,5.968509
2481,4l50,7.7,6.504635
2482,4rsk,3.88,5.5858426
2483,3wtn,7.28,6.0791492
2484,4bc5,5.32,4.170807
2485,2olb,6.4,5.751436
2486,1bnn,4.86,6.2215056
2487,5htl,7.73,6.4195538
2488,2x95,3.52,5.3097353
2489,5ive,6.13,5.7064667
2490,5aoj,2.64,3.3249989
2491,2jiw,7.6,6.072673
2492,4yk0,9.14,7.612376
2493,4je7,7.4,6.4279585
2494,6ibk,4.77,5.6806707
2495,2hah,4.16,6.3710537
2496,1b3f,5.3,4.7678666
2497,1gfy,5.48,4.588621
2498,4b34,4.47,5.524617
2499,3s76,5.92,5.993999
2500,1m7y,7.46,6.3858633
2501,4lhv,2.51,4.737176
2502,4ido,4.43,4.6254396
2503,3zc5,8.82,5.9509606
2504,3a5y,11.52,8.532915
2505,5eqp,5.44,8.321239
2506,2bpy,6.56,5.3944755
2507,2z4o,6.0,5.621056
2508,1pbq,5.0,4.250225
2509,3lxk,8.03,7.480462
2510,3dx1,7.26,6.3365655
2511,2pu1,4.46,6.1668115
2512,3rz1,4.96,4.5026712
2513,3ekx,5.9,5.550974
2514,5u0y,5.46,6.783583
2515,1c86,7.0,7.1817794
2516,3ddg,7.48,5.9601235
2517,1fkb,7.82,8.043827
2518,5j6n,6.1,5.2777004
2519,5ma7,7.77,7.2115006
2520,2v7a,8.49,7.8469644
2521,1pr5,7.44,6.6909904
2522,4q81,11.59,10.230225
2523,3l0v,7.24,5.131536
2524,5wa8,9.22,6.465286
2525,5laq,5.08,5.068371
2526,4q8x,6.12,5.9529514
2527,3ebi,9.13,7.2212086
2528,2wyg,7.59,7.23736
2529,6eed,4.64,5.20646
2530,5anv,6.11,5.334499
2531,2vvv,4.62,4.1215515
2532,5g2g,9.64,7.9170556
2533,1pxo,6.2,6.5926113
2534,3su1,5.48,4.7893605
2535,4b35,7.96,6.4123235
2536,1zvx,6.8,6.6010094
2537,4cp7,2.06,3.5781093
2538,1a1e,3.8,4.614529
2539,4idn,4.43,5.8209805
2540,1nh0,6.32,6.8506694
2541,4muv,4.86,4.812746
2542,2r9w,4.65,6.327691
2543,3qt6,5.26,5.497361
2544,1z6s,6.7,5.7510786
2545,2xbv,5.17,4.733475
2546,6p86,8.83,7.626616
2547,6mnv,4.19,5.0031
2548,3ekt,6.48,7.2199388
2549,4egk,9.7,7.4758115
2550,4z07,4.33,6.618065
2551,4knj,4.28,4.3096323
2552,3b4p,5.4,5.176569
2553,3ta1,6.43,7.765986
2554,1qyg,5.24,6.41505
2555,6f1j,5.5,6.3258133
2556,3rdq,8.0,8.2652855
2557,4a6b,7.34,8.9343815
2558,2qm9,4.31,4.262362
2559,1d4h,4.46,4.393817
2560,1qbs,4.1,4.5978155
2561,4fxp,6.47,6.01304
2562,4xip,4.37,6.7803493
2563,4mo4,5.82,5.44563
2564,4zw7,9.64,9.093254
2565,6arn,9.3,8.377029
2566,4i8w,6.0,6.435899
2567,6gjm,7.44,5.4431233
2568,6n0j,8.74,8.130962
2569,1yet,6.06,6.222544
2570,2xb8,5.04,5.679625
2571,1g2o,7.54,5.719259
2572,6nv9,7.82,8.136585
2573,6ayo,7.38,7.9011097
2574,4z1k,8.23,5.2940273
2575,5tmn,8.92,8.957945
2576,4b73,8.55,8.126191
2577,3dk1,7.62,5.144594
2578,3t5u,5.82,4.759662
2579,2ha6,10.21,6.05557
2580,2x7t,7.51,8.027538
2581,1kv1,7.96,5.1396995
2582,4ivd,5.05,7.1823
2583,3sio,3.4,4.6698484
2584,2d3u,3.28,5.1648607
2585,5o87,8.22,8.429823
2586,6h34,11.34,7.1747265
2587,2oxd,9.0,7.1739697
2588,1g7f,7.44,5.91284
2589,1o2h,7.02,7.3206563
2590,1oe8,6.55,6.810941
2591,6eqx,6.09,5.609938
2592,3sk2,3.13,3.8819778
2593,1qy1,4.62,5.2214413
2594,5evz,3.77,6.0632496
2595,3e3c,5.22,6.979449
2596,6j1l,8.7,7.5145373
2597,6i13,5.49,5.78855
2598,3qwc,4.52,4.719939
2599,4jyt,6.24,7.2285333
2600,2gvv,3.52,4.947001
2601,4elh,6.73,6.3010354
2602,6ndl,6.29,8.028502
2603,4io5,6.4,6.981802
2604,6n5x,7.57,7.742763
2605,1pme,7.46,7.5076165
2606,2ypi,9.7,8.55
2607,3uxl,8.19,6.4146194
2608,1nli,7.7,6.8916206
2609,4zgk,8.47,6.6716623
2610,6elo,5.14,6.8146844
2611,3d4z,5.35,4.3317213
2612,4lyw,10.82,8.827534
2613,2e91,4.59,5.0670033
2614,3c8a,7.66,7.612492
2615,3c52,6.66,6.5589223
2616,2xd9,10.17,7.9837656
2617,3t3u,4.48,4.8790593
2618,5o9o,8.15,7.4931474
2619,3ifl,5.12,6.076096
2620,6qls,5.22,7.261576
2621,2fu8,6.62,8.199959
2622,6ic2,6.41,5.968053
2623,3f1a,2.0,3.2349308
2624,3le9,7.96,7.236536
2625,4q19,9.24,7.8099194
2626,4gkh,8.3,6.2134824
2627,4umc,7.82,5.002835
2628,4kxb,7.44,7.886801
2629,5er4,5.92,5.638299
2630,3slz,5.74,6.125974
2631,1zog,5.98,4.956089
2632,3hkt,5.82,7.522875
2633,3tfn,8.92,7.831412
2634,4nkt,7.6,8.523582
2635,5fnc,7.7,8.993805
2636,5ovv,4.6,5.0593767
2637,3wz7,6.3,5.456452
2638,6phx,8.42,7.8331003
2639,6qas,3.68,4.925676
2640,6qmk,5.24,5.800113
2641,3arw,8.43,8.033283
2642,4b6r,4.27,4.7683725
2643,2p16,6.48,6.273836
2644,5epn,7.13,7.2847514
2645,2fgv,8.83,9.038773
2646,4pop,4.37,3.8781135
2647,5ep7,9.74,8.809532
2648,3m96,6.69,6.3538795
2649,2flr,6.75,6.5987425
2650,3suw,3.43,4.1702833
2651,3nim,6.11,5.0609174
2652,3dx2,7.03,5.9288077
2653,3s8o,6.04,5.574158
2654,2w4x,6.0,6.311181
2655,6jav,6.77,6.2204957
2656,4ih6,6.1,6.464097
2657,6d1d,6.68,6.420951
2658,4j44,6.87,5.7020082
2659,1e2k,5.0,5.696426
2660,2rka,8.34,7.961982
2661,3m3x,7.72,8.607068
2662,1fh7,5.77,4.5557494
2663,6guc,8.7,6.1119514
2664,3m8u,3.46,3.8662143
2665,4dju,5.4,5.113174
2666,2i4w,11.06,4.995151
2667,3acl,8.0,7.3539963
2668,4dv8,9.0,7.5231457
2669,4loh,4.77,5.7343493
2670,5ueu,11.0,9.144173
2671,4oc5,8.7,9.446487
2672,1wuq,4.29,3.6940472
2673,2qbr,7.61,7.6208763
2674,3sug,7.7,7.3872995
2675,2wq5,6.06,4.319374
2676,1os5,5.94,5.009285
2677,2x6x,7.1,6.2416553
2678,5fnu,6.89,5.1814303
2679,4qtl,7.82,6.660149
2680,3lzu,7.96,8.072798
2681,1ydd,5.23,5.8797703
2682,2hu6,4.85,4.43187
2683,6eln,8.48,7.8029013
2684,1jqy,2.59,4.474333
2685,6qr3,8.25,6.6727514
2686,2hhn,6.82,6.3596816
2687,2q1q,6.34,6.7618513
2688,4tz2,4.82,4.306462
2689,3rlb,7.96,8.018108
2690,4avs,8.1,8.1101055
2691,6o94,4.13,6.2937465
2692,2uwo,7.85,5.375354
2693,4n6g,4.52,4.236047
2694,3sue,5.05,4.44184
2695,3tmk,6.7,4.7335405
2696,3buf,6.48,6.135354
2697,4i7l,3.32,4.3195477
2698,4gid,8.0,6.751448
2699,6evr,9.59,7.883947
2700,5d0c,4.17,4.6235886
2701,4lkq,3.7,4.346747
2702,3ldp,4.3,5.387316
2703,4f39,7.1,5.625363
2704,3uxd,8.22,7.231532
2705,4ayu,5.62,6.6791034
2706,1xka,7.3,7.0694685
2707,1m0q,10.55,9.698074
2708,4kn0,5.7,4.828861
2709,6fnf,6.72,6.0099277
2710,3kyq,4.4,5.252633
2711,4xo8,9.4,7.7669096
2712,5u13,6.96,5.872206
2713,3cda,8.1,7.2100544
2714,4fs4,6.47,6.376593
2715,4uja,4.77,6.2475486
2716,6cq1,6.37,6.4347725
2717,4z84,5.68,5.2910385
2718,5nkc,7.8,8.518943
2719,2zda,4.99,5.6657224
2720,4nvp,7.74,7.0476832
2721,3q6w,5.09,7.3864307
2722,1t32,5.57,5.8503537
2723,1y6q,7.24,6.444727
2724,5w44,7.01,8.78882
2725,2qnn,8.24,7.8885117
2726,3vdb,6.0,7.106433
2727,5j8u,4.22,5.491516
2728,5dh5,5.46,4.624959
2729,5u4d,6.35,7.265119
2730,5js3,7.46,7.0135026
2731,6eq8,6.06,4.94669
2732,5ei3,9.35,7.085974
2733,3ujd,8.39,7.702569
2734,6gwe,5.59,5.936156
2735,1xh4,7.47,7.181425
2736,5fhn,6.37,5.8168387
2737,3zsq,7.05,7.318047
2738,3ejp,5.7,6.265004
2739,5jox,7.4,6.5503664
2740,4f9w,6.69,6.32126
2741,1srg,5.52,5.193898
2742,3vx3,5.05,6.203009
2743,2zq2,3.67,5.5302773
2744,2vrj,9.22,7.65094
2745,4kn1,6.41,5.5695624
2746,6eis,8.22,6.1755776
2747,3zbx,6.1,6.165269
2748,6epz,7.06,6.7502966
2749,5wyx,5.62,4.299781
2750,4q83,5.22,4.552079
2751,1loq,6.52,5.3398733
2752,4b74,3.72,4.029342
2753,4kxn,9.07,7.306374
2754,4nbk,4.81,6.0024123
2755,2xyt,7.3,7.857054
2756,4h85,6.9,6.8549795
2757,3ljg,3.68,5.5598187
2758,3pwk,7.96,7.3763456
2759,1lan,6.17,5.4899015
2760,4m14,3.34,4.755143
2761,4r59,5.99,6.004292
2762,5v7a,5.4,7.3914156
2763,6hk3,5.06,5.5001674
2764,3eqr,7.68,7.5729675
2765,6ixd,5.85,6.778976
2766,1r0p,7.12,7.1723824
2767,4ykk,4.03,6.6918225
2768,3old,9.13,8.076779
2769,6u8b,9.0,8.218343
2770,4ra1,5.76,5.4846916
2771,1o1s,6.82,5.7687597
2772,3f70,3.46,4.863246
2773,3n3j,4.47,4.332967
2774,3jvs,6.1,5.3413076
2775,1vzq,6.7,5.742877
2776,3myq,6.0,7.8846636
2777,4qpd,8.96,6.7663407
2778,3uxk,4.1,4.062628
2779,1ela,11.33,7.5795965
2780,2cle,9.05,7.760205
2781,2pyn,5.34,5.47379
2782,3gy3,7.01,6.6831026
2783,1nhu,6.09,6.4060264
2784,4jfk,9.22,7.6893687
2785,5z7j,4.89,5.846948
2786,4m8h,8.74,9.185459
2787,4emr,6.08,6.280176
2788,1c4u,6.99,8.747874
2789,5u28,4.56,5.105965
2790,3cd0,4.39,5.8809896
2791,2jg0,7.89,4.3500896
2792,1jmg,5.51,5.841506
2793,5nwi,6.41,4.701912
2794,4r4o,8.4,5.4433804
2795,4rdn,6.64,6.3670516
2796,1i37,6.35,6.2625976
2797,5hva,6.77,7.248738
2798,6jad,8.4,6.7181497
2799,6n3y,7.72,7.726352
2800,4i9u,6.29,4.3389874
2801,6o48,7.82,6.8516984
2802,1v48,3.95,4.887265
2803,4qgd,11.09,8.019637
2804,4kiu,4.92,5.0251746
2805,3d4y,7.68,7.5598145
2806,5epl,6.38,5.8258557
2807,6j0o,5.22,5.855322
2808,1pzp,5.36,6.156969
2809,5mme,4.54,3.8865702
2810,3nu9,6.36,6.8777475
2811,3f8c,8.1,7.3731413
2812,6gw4,9.31,6.6379466
2813,6eij,8.41,7.8799996
2814,1c87,7.37,6.1339684
2815,4lps,6.81,6.485448
2816,4yth,4.92,6.1357307
2817,6dpx,6.31,6.7326474
2818,2xda,5.39,5.160299
2819,6fng,7.44,6.98672
2820,6g9u,3.0,3.8868988
2821,2r59,2.99,4.3970103
2822,1zc9,8.72,7.5527134
2823,5hz8,5.64,4.607793
2824,3zlr,6.72,7.05653
2825,4ufl,7.8,7.234774
2826,4lhm,6.82,7.4876833
2827,4xtx,4.3,5.2800555
2828,1v0k,6.7,7.7427907
2829,5lvq,10.49,6.693792
2830,5nk8,9.3,7.0989623
2831,5y8y,8.43,7.970763
2832,6jag,4.7,6.3483996
2833,1r9l,8.8,9.382675
2834,3uyr,4.07,4.032435
2835,4kcx,4.81,6.1151257
2836,5i9y,6.52,3.925693
2837,4ovf,6.33,6.0834556
2838,5lvr,5.31,7.45392
2839,4f3c,8.1,6.4457436
2840,3tif,3.61,4.704482
2841,3ed0,9.11,7.5455737
2842,4avj,4.05,4.4850044
2843,4gj3,4.44,5.0288467
2844,4x8o,3.66,3.9700987
2845,5mwh,4.34,4.925693
2846,4msa,8.4,6.6066866
2847,4wa9,7.64,5.467627
2848,3ivx,7.92,7.0089083
2849,4ciw,7.78,7.8843856
2850,3tz0,7.46,6.087675
2851,1qf2,2.0,3.467357
2852,3bvb,6.46,6.398325
2853,1w3j,8.14,7.183601
2854,2rfh,6.52,5.337579
2855,6pg3,6.44,6.460385
2856,5jgq,7.04,7.1573277
2857,2bvr,10.62,7.7841606
2858,6ekq,7.41,7.5452065
2859,3n9r,9.0,8.359233
2860,5afv,4.71,6.0228243
2861,4j46,6.3,5.3834834
2862,3wz8,6.96,5.4438562
2863,1a69,7.6,6.7713118
2864,5ehq,7.18,7.5799637
2865,4ujb,6.52,6.2837605
2866,5ew0,7.8,7.6354895
2867,3ozr,7.0,6.1919847
2868,5v79,7.07,7.34005
2869,4c1u,4.85,4.9398513
2870,6p88,8.7,7.6447425
2871,4ykj,9.05,7.2482557
2872,2rd6,7.4,8.618197
2873,1hvh,4.95,5.0232735
2874,5itp,8.36,8.67768
2875,1nm6,4.11,4.9228425
2876,5nxi,6.87,5.982353
2877,3exe,7.22,8.924944
2878,5qay,4.22,4.7639794
2879,6hd6,6.76,7.088621
2880,3u9q,7.85,8.60177
2881,5nze,3.17,3.281619
2882,3czv,4.62,4.2216196
2883,3nex,2.6,3.3908849
2884,1no6,8.36,8.18679
2885,4ahs,3.0,3.9991972
2886,6mh7,7.19,6.9933877
2887,4gah,4.15,5.0670915
2888,1mtr,9.14,7.6875415
2889,3vje,6.57,8.019078
2890,3hkw,4.4,5.527041
2891,4gql,7.96,7.5866413
2892,5n17,7.56,7.8006372
2893,3pd9,5.9,7.647131
2894,3tf6,9.64,7.0155735
2895,4xir,6.53,7.0488014
2896,4rr6,7.16,6.5141487
2897,1odj,8.52,6.9145284
2898,4std,5.08,7.7551966
2899,4uin,9.42,6.8176646
2900,6dar,7.72,7.545501
2901,3coz,7.86,7.781432
2902,3evd,7.55,6.932559
2903,3zm9,9.95,9.2679825
2904,4ufm,3.48,6.187432
2905,1jlr,8.3,6.2385097
2906,1o2z,7.74,6.5834904
2907,6p5o,5.33,5.396003
2908,1dhj,5.29,5.1869845
2909,4ql1,6.31,7.267251
2910,1lkl,7.73,7.118652
2911,1olx,4.55,5.0797977
2912,4agm,2.52,4.0435705
2913,2rin,8.89,7.369673
2914,4yzu,5.76,4.9105806
2915,4n7u,6.97,5.58941
2916,4aia,4.49,8.893866
2917,4g0y,6.7,6.9749165
2918,5e28,8.27,6.2478566
2919,4uye,8.62,8.046019
2920,1lkk,8.7,8.3493595
2921,2drc,5.05,6.3215046
2922,3f48,4.71,4.246114
2923,3k4d,6.22,5.8052244
2924,3ujc,9.8,7.8026047
2925,3zq9,6.11,5.3997097
2926,3hww,6.41,5.9676714
2927,1mmr,6.63,6.342235
2928,5n25,3.66,6.6575913
2929,3mhi,8.52,8.00157
2930,4m8e,5.96,7.582202
2931,6abx,7.72,7.0870852
2932,2qdt,5.4,4.2009983
2933,6poi,10.58,8.688084
2934,1g53,5.8,6.1350584
2935,2xnb,7.35,6.0034747
2936,5f1v,3.98,6.2473946
2937,3lzz,7.0,8.019423
2938,3m35,6.59,4.53786
2939,6dz0,6.66,5.256653
2940,3a9i,3.27,5.1409616
2941,5kva,8.26,6.09472
2942,2cbu,6.28,4.267349
2943,6gvf,7.89,7.2406816
2944,1w7g,7.31,7.6194873
2945,1q8u,8.25,9.871933
2946,2cet,7.78,7.51918
2947,3vf7,4.7,5.698623
2948,4agl,9.1,7.397158
2949,4qj0,7.62,6.9523253
2950,5lne,6.89,7.0915127
2951,2h6b,5.48,4.7526684
2952,6f9v,5.79,6.236674
2953,5nz4,3.9,7.0057683
2954,3lxe,2.74,3.2965565
2955,3qfy,2.22,5.1865773
2956,4b6p,4.92,5.5099893
2957,2bvs,7.26,8.007177
2958,3vhc,7.7,6.709607
2959,2d1o,3.25,5.3138404
2960,1b9j,7.96,8.15202
2961,4zl4,6.18,6.3711195
2962,5owl,6.96,6.7399592
2963,2jh5,7.24,6.5495815
2964,1hdq,8.25,6.3724666
2965,3ioc,5.13,4.6311455
2966,4v27,7.19,5.65707
2967,1ndz,6.4,6.2417374
2968,2d0k,7.82,7.8409176
2969,2c97,6.89,7.3142757
2970,5dyo,4.57,5.4843097
2971,4n7m,6.54,5.8133583
2972,1met,2.98,5.3924375
2973,2p7a,5.3,7.2677803
2974,3u8n,5.44,5.8469076
2975,5c28,4.6,5.3189273
2976,3c4h,6.0,3.9549363
2977,5wij,8.55,8.0758915
2978,5lsg,8.57,7.6739874
2979,4az6,7.06,6.9383454
2980,4q4p,5.54,6.5729566
2981,3bl0,4.65,4.6370373
2982,1e66,2.92,4.048519
2983,1ttm,5.51,6.9943337
2984,3jup,5.33,5.166036
2985,3ml5,7.47,8.073513
2986,1nw7,7.92,7.889575
2987,4r4c,8.38,8.541357
2988,5e89,9.32,8.591257
2989,5j6a,5.93,6.033268
2990,4lxd,6.3,5.1052155
2991,6szp,5.13,4.9989996
2992,6d5g,8.52,6.111129
2993,2w67,8.62,7.29763
2994,4gfm,5.66,4.427232
2995,1lst,4.89,5.8413115
2996,6i0z,7.23,5.5592613
2997,5eqy,6.54,7.1263375
2998,3k8o,6.75,4.7043715
2999,6np5,2.39,4.06711
3000,6pg5,4.28,5.725749
3001,2j62,7.07,6.298891
3002,3nsn,4.52,5.395987
3003,2bes,4.72,6.9798713
3004,6n3v,8.66,6.9961147
3005,5e2o,6.0,4.8293233
3006,3r6u,7.28,6.7256355
3007,4ieh,6.08,7.86605
3008,2h4n,6.97,7.3021917
3009,3c39,11.7,8.752035
3010,4qsu,4.82,5.4312468
3011,6ftz,6.05,6.5388627
3012,2j7b,7.43,8.066278
3013,2xn3,5.0,5.1068363
3014,4b5t,8.74,7.5606194
3015,1w5v,7.78,7.5314527
3016,2d1n,6.17,4.481783
3017,6qr2,4.0,3.8898983
3018,1fzo,4.72,5.006554
3019,4rqv,8.82,6.5349097
3020,2ccc,3.88,4.248178
3021,5vd1,5.28,4.7808204
3022,5lyn,3.52,5.4365616
3023,4bcm,6.85,5.7516236
3024,2ves,3.48,4.257726
3025,1q54,4.82,5.3689437
3026,3bu1,6.17,5.141313
3027,1drv,7.62,7.0182953
3028,3uew,8.7,6.424739
3029,2qwb,6.88,6.995928
3030,3f80,5.11,4.699231
3031,3hek,6.6,6.7721024
3032,3rlr,3.72,3.7733846
3033,1ogd,6.28,6.634371
3034,4v01,6.9,6.2966194
3035,3n1c,10.24,8.158703
3036,4rpo,8.4,8.262902
3037,5ti0,4.44,5.0001245
3038,5umx,6.09,4.895703
3039,6eiz,5.82,6.5983915
3040,4qdk,6.68,5.904667
3041,3p4v,7.77,6.5399146
3042,1duv,7.96,8.44603
3043,6mku,2.64,4.7020664
3044,3ove,5.8,5.9101543
3045,4g0p,4.51,4.7180576
3046,4xmr,4.94,4.272785
3047,2buv,8.23,6.6677694
3048,2q6f,5.96,5.271891
3049,4w9h,6.7,4.8937473
3050,6cbg,6.8,5.8828673
3051,4nku,4.5,7.1700354
3052,3m37,7.72,7.0825315
3053,3p8z,7.34,7.3384023
3054,6pgb,8.12,8.85417
3055,6dh1,3.48,3.9926972
3056,3be9,4.12,3.6146996
3057,3ewj,6.82,4.7380514
3058,3fv2,5.38,5.243436
3059,6ud2,7.14,5.793775
3060,4nxv,6.04,7.461611
3061,5fho,8.34,8.3553095
3062,3lmk,4.89,5.1956835
3063,1gai,7.76,5.879522
3064,3up2,5.33,8.034345
3065,5lle,7.31,6.3257165
3066,3kdd,3.68,4.830024
3067,5obg,10.0,5.539451
3068,2oxy,9.05,6.2536907
3069,5vcz,4.11,4.4267507
3070,1g45,3.35,3.7327266
3071,5fl5,3.69,6.230166
3072,6oja,8.0,7.0664454
3073,4oiv,6.72,6.8863373
3074,1m83,8.22,6.7412615
3075,5ohy,7.1,5.5101833
3076,2xj2,9.22,7.3173747
3077,2wnj,5.22,5.8000607
3078,4o0x,4.93,4.1437683
3079,3mdz,9.0,6.3835893
3080,4zyf,6.57,7.935825
3081,6hk4,6.36,5.5919266
3082,1nje,7.26,5.2224813
3083,2nn1,3.91,5.14884
3084,4q3t,6.07,5.747594
3085,6qr4,10.57,8.871197
3086,4ek9,6.8,6.0845027
3087,8a3h,5.22,6.6365094
3088,5j6m,7.24,5.3079333
3089,1l8g,4.2,5.544951
3090,2pu2,4.51,5.1900697
3091,3ahn,8.01,7.2157087
3092,2bt9,8.92,7.5646152
3093,6t1o,7.21,6.109655
3094,2vwc,5.32,6.2352657
3095,3b26,3.98,5.308439
3096,5llc,4.25,4.3893566
3097,3nq3,7.4,7.700113
3098,1cet,6.4,5.4837556
3099,5cqu,6.6,6.4154744
3100,6dai,5.05,6.2695026
3101,1jvu,7.28,8.570431
3102,1qbq,7.84,6.736637
3103,6eyb,9.3,6.90374
3104,4k7n,6.77,5.8950114
3105,2rke,4.29,4.970731
3106,6p9e,7.33,5.6635213
3107,4j7e,9.0,8.667843
3108,5lli,7.22,7.2106357
3109,6jon,5.53,5.600264
3110,4nuc,8.3,8.095253
3111,4jfm,6.15,5.141828
3112,1y0l,8.01,5.797175
3113,2yek,5.05,4.458519
3114,4j93,7.82,7.9861326
3115,2bvd,7.54,6.50762
3116,1kjr,4.43,5.975087
3117,3p9m,8.64,7.002542
3118,4aqh,7.41,7.689507
3119,4q7v,4.38,4.5552897
3120,4tmk,7.89,5.921353
3121,1qf0,5.35,5.5493207
3122,3fj7,6.06,7.7223153
3123,3ldq,4.23,5.399251
3124,4qev,7.17,6.6514516
3125,6qe0,6.98,5.430917
3126,3uuo,9.0,7.8711963
3127,4fev,8.96,7.6273074
3128,4ayp,7.6,6.737666
3129,2w47,5.89,6.3625746
3130,5th4,8.15,6.642212
3131,4ih3,8.0,6.098468
3132,6dgq,6.45,6.5096116
3133,2d3z,6.5,7.2114706
3134,2jgs,4.66,4.2936077
3135,1b1h,7.3,6.4641976
3136,6r11,9.0,7.97869
3137,1igj,6.51,7.2797875
3138,1mrw,5.2,4.971266
3139,5evb,2.1,4.1959777
3140,2pk6,7.85,6.3940287
3141,4eor,8.55,6.7293105
3142,5ot8,5.12,5.759106
3143,6hmg,7.44,4.397604
3144,6i11,7.76,7.4967217
3145,6i67,5.82,4.326897
3146,3oe5,9.1,7.5132055
3147,5y12,4.03,4.3433485
3148,6gjj,6.55,6.013019
3149,5c2h,5.17,5.937542
3150,3jzh,3.7,5.2284327
3151,3ryy,2.85,3.6533122
3152,4nbn,4.52,4.5858955
3153,1upf,6.49,5.8877597
3154,3zsx,4.01,5.612983
3155,4h81,5.06,6.141431
3156,5n2t,5.86,5.4424186
3157,5sxm,9.09,8.876291
3158,6b4n,5.4,6.2097764
3159,6eog,4.55,5.249793
3160,6g3a,4.23,4.80754
3161,2xc4,9.19,7.333463
3162,3dri,8.25,7.9384284
3163,1lhu,3.26,4.2547097
3164,3o4k,7.15,6.308681
3165,4gqr,2.46,4.0779624
3166,5cqt,6.34,7.247177
3167,5fs5,6.43,5.4777093
3168,2nt7,9.52,7.401398
3169,2i2c,5.91,4.9019694
3170,4ara,10.52,8.852146
3171,4g8m,3.57,5.0965195
3172,2fqw,5.06,4.7381516
3173,3suf,8.15,5.379437
3174,4ck3,8.12,6.865392
3175,6ny0,6.68,6.8602114
3176,1enu,4.94,5.345183
3177,4q99,3.89,4.936362
3178,5k0h,3.93,5.4059463
3179,1z4o,8.19,7.0512867
3180,3iub,4.85,4.4667044
3181,3zcl,4.6,4.6250505
3182,2py4,7.85,8.623091
3183,4msn,6.64,7.97832
3184,6sbt,4.1,4.346954
3185,4br3,4.47,5.5032682
3186,3o99,5.27,5.6201086
3187,4gr8,9.0,8.878778
3188,5nw0,8.77,8.749965
3189,6iiu,6.62,5.4369864
3190,1ypj,7.89,6.2410426
3191,1b6j,7.57,7.2939796
3192,2xdl,11.7,9.212925
3193,5fcz,6.46,6.1053395
3194,5llh,4.42,4.4667296
3195,6g35,2.26,4.610763
3196,2vh0,2.92,4.3467927
3197,4fcq,6.46,8.043636
3198,2ca8,9.43,6.385272
3199,4auj,9.1,8.910597
3200,4bco,5.44,5.9612403
3201,3e6y,9.41,5.418925
3202,3vtr,4.31,4.5380306
3203,4gu6,7.85,7.929897
3204,3vd9,5.62,5.668857
3205,1hsl,6.71,5.6415462
3206,4a4v,11.52,6.6262903
3207,1a4k,4.99,3.884202
3208,6t1i,8.87,8.148775
3209,3t82,7.0,6.2997904
3210,2e7f,8.15,9.434591
3211,3rz0,8.0,7.203538
3212,5c2a,4.74,5.4804444
3213,6g6t,5.19,4.715514
3214,4eo8,9.7,7.2229705
3215,2brm,5.4,4.2252827
3216,2w5g,10.85,9.362526
3217,6h77,8.28,8.032663
3218,4oc1,2.77,4.2434335
3219,1s39,11.92,9.28874
3220,1g46,4.05,6.210089
3221,4kp5,7.43,7.951976
3222,5uv2,6.44,6.319213
3223,1i7z,4.79,4.7793236
3224,3m6r,8.11,7.960388
3225,4w9o,5.6,7.782929
3226,1e4h,5.47,3.6557257
3227,4xaq,4.6,4.470213
3228,6mjf,5.66,5.568806
3229,5cs3,7.15,7.738606
3230,5ji8,6.27,5.069072
3231,5d3c,3.79,4.6052876
3232,3hvj,10.48,8.853092
3233,4cp5,4.96,4.7256727
3234,4ymb,6.5,6.8197
3235,6fhu,3.96,5.5567203
3236,1b3h,8.9,7.438629
3237,1ele,8.36,7.80635
3238,3ehx,7.99,6.2589703
3239,2cen,5.52,4.266609
3240,5dpx,3.32,4.280116
3241,5ekm,8.52,6.6876493
3242,5zg3,5.06,6.490632
3243,6oqd,8.6,7.301072
3244,2erz,5.17,6.311645
3245,2v58,7.26,6.460717
3246,5ldp,6.4,4.8384066
3247,1vyg,4.88,6.5526395
3248,3f5l,4.19,5.9401693
3249,3qxv,8.59,6.9184184
3250,4zec,3.33,4.338585
3251,1o3j,7.01,6.815221
3252,5dq8,6.06,4.6337624
3253,3hk1,10.0,6.5291023
3254,4qem,6.41,7.885509
3255,5flt,8.8,7.353967
3256,6jdi,4.49,5.487247
3257,3vhk,4.52,4.3046865
3258,5hbn,9.8,8.703333
3259,5jss,6.77,6.151965
3260,5ot9,6.36,7.862514
3261,6d1i,4.89,5.9268813
3262,3l4v,2.62,4.181339
3263,5g1z,6.74,5.66818
3264,3e12,4.03,4.2906094
3265,1hlk,4.21,5.6088195
3266,5lsh,10.6,7.388262
3267,4dhl,8.08,6.8156023
3268,6bm6,7.3,5.491215
3269,6qmj,6.22,7.3753834
3270,4i72,6.18,5.736905
3271,1gjc,7.0,6.143235
3272,4m8y,6.72,5.7186046
3273,1rbp,7.7,7.8848677
3274,4ago,11.0,8.546154
3275,1xh9,4.14,5.9088445
3276,5w2s,8.35,7.726215
3277,3d0e,4.3,6.4703965
3278,3umq,5.3,4.731227
3279,5o58,8.3,7.8505096
3280,6exi,4.71,5.257746
3281,3daz,6.74,5.934752
3282,6r4k,5.15,6.8587136
3283,2qhz,7.4,6.6015162
3284,2vmf,7.82,7.058266
3285,1msm,8.7,7.8606625
3286,3u8k,7.44,7.3417993
3287,6ql1,9.4,6.9005785
3288,6r9x,4.32,4.173031
3289,4f9u,6.59,5.4803596
3290,4fl2,8.51,6.9274454
3291,4wov,6.64,7.045854
3292,2zq0,3.39,4.257797
3293,4np3,11.35,8.668165
3294,2hzy,6.4,5.7975063
3295,6jbb,8.7,7.217557
3296,3bbf,9.34,7.8744884
3297,3l3m,7.1,6.2225904
3298,3t01,4.13,4.662033
3299,5gmn,7.1,6.366022
3300,2cht,8.7,7.5073857
3301,4pcs,7.0,7.385442
3302,2avo,5.59,6.8737493
3303,5n31,8.24,6.9447684
3304,6qav,6.67,7.055356
3305,2h3e,4.0,4.3773956
3306,4pin,8.3,8.565176
3307,3tt4,8.03,7.85378
3308,1uw6,5.14,4.6188855
3309,2avq,3.85,4.266298
3310,3p8o,7.21,6.732604
3311,3k37,7.24,6.8344097
3312,3t60,7.09,6.927472
3313,4nh8,8.09,7.2835164
3314,1bhf,5.64,5.0059505
3315,1r1j,8.26,7.772812
3316,2uyn,4.44,4.5908337
3317,2xyf,7.42,7.275584
3318,3ozp,8.57,8.495676
3319,3zps,6.06,7.1637797
3320,1ctt,8.82,6.954135
3321,4ibe,4.21,4.841235
3322,3uw5,5.41,5.57326
3323,1z71,7.46,7.626568
3324,6gl8,4.87,5.871591
3325,2pou,3.57,5.0487075
3326,1z9y,7.57,8.439472
3327,4mrw,6.91,5.962353
3328,1xq0,3.02,5.1609964
3329,3zyf,11.92,7.8352675
3330,4dff,8.22,7.2680793
3331,4rwj,8.97,8.536757
3332,3gi5,7.68,7.2385044
3333,6cbf,6.48,6.4211426
3334,4ymq,5.98,5.490789
3335,4a4w,6.99,6.6763053
3336,2vo5,6.21,6.733778
3337,6ghh,6.57,6.101249
3338,6q3q,7.96,7.590126
3339,2pvj,5.1,6.005504
3340,1bnv,11.26,8.370855
3341,3d51,8.55,7.4025273
3342,4hwo,4.31,4.483322
3343,6g25,8.52,9.421648
3344,1uj5,3.82,5.3883286
3345,3ikd,6.26,6.467417
3346,4q46,3.34,4.368865
3347,6nzv,9.15,8.36312
3348,3r4p,2.38,4.1524053
3349,2hxm,11.3,8.191238
3350,2hmv,8.91,7.437051
3351,4cu8,2.31,4.5843763
3352,3nyd,4.97,4.5856953
3353,4qlk,8.05,8.912447
3354,1z1h,4.72,5.883263
3355,4pft,8.13,7.3718343
3356,6d19,5.79,4.746952
3357,3ocp,6.72,6.5014544
3358,6i5g,7.17,6.409636
3359,2w66,10.3,8.4905205
3360,4keq,7.16,5.219428
3361,3tk2,4.57,5.2456512
3362,6g2b,10.17,7.6261888
3363,4g4p,6.07,5.701172
3364,1atr,11.57,8.989775
3365,5twj,6.16,6.518153
3366,6pid,9.3,9.073368
3367,5e74,7.44,7.719828
3368,3bft,7.19,6.410961
3369,3veh,7.7,8.341535
3370,4az5,8.37,8.289669
3371,4jia,4.54,5.4854884
3372,4rd6,8.28,7.928889
3373,3b25,7.2,6.737776
3374,5j20,7.15,6.7811027
3375,2vvn,6.09,7.4019485
3376,4ddh,8.43,8.029655
3377,4wop,6.91,7.7461433
3378,3iss,5.46,7.317539
3379,3bgz,8.89,6.7167664
3380,1u1w,2.74,3.5552342
3381,3ebo,5.21,4.8305235
3382,3u81,6.84,6.5842776
3383,3hku,9.68,8.3955965
3384,5exw,6.09,6.88825
3385,5e2s,8.69,7.574485
3386,2r75,2.12,4.6404915
3387,4b7r,4.39,6.520264
3388,3s5y,7.52,7.4163556
3389,3su5,10.8,8.692472
3390,5d3l,8.4,8.113073
3391,5cj6,7.57,8.132441
3392,1gj6,5.11,4.388468
3393,6h5x,3.37,4.7256975
3394,3b3w,7.51,7.7393217
3395,2f9k,7.1,4.695608
3396,1dy4,7.28,8.467478
3397,2b9a,4.7,3.8335993
3398,1o5r,6.22,5.206597
3399,1pb8,8.96,7.5190115
3400,3iw5,8.92,6.124658
3401,2vot,6.57,5.570584
3402,1qb1,4.68,5.1264095
3403,3t84,7.12,6.266728
3404,5d45,6.89,5.695811
3405,1nwl,3.03,4.5094104
3406,5dh4,5.82,6.5162163
3407,3vw2,6.63,5.5171876
3408,1uwt,6.98,7.8958917
3409,3i4y,5.04,4.9123926
3410,5u0g,6.52,6.016535
3411,2clk,4.0,3.8340719
3412,4o2p,2.92,3.7798815
3413,5vcy,7.73,6.817832
3414,2qnp,3.19,4.1272993
3415,4elf,7.13,6.244708
3416,5oq8,5.7,5.6034226
3417,2vc9,7.52,6.604289
3418,1ndw,7.66,6.8500047
3419,5caq,11.26,8.230354
3420,2ptz,6.7,4.786983
3421,1f73,6.78,6.475125
3422,2hb3,3.99,3.7569506
3423,3a1d,9.29,8.583412
3424,3lpp,4.19,4.7950993
3425,1aid,8.72,7.623175
3426,2r5p,6.1,6.4872327
3427,6g37,3.6,4.117765
3428,8cpa,7.59,6.4955063
3429,4msc,5.67,7.8096085
3430,5ogb,7.4,8.152658
3431,2ydt,6.05,5.682918
3432,2x7u,5.52,4.5016747
3433,4b7j,6.55,6.691537
3434,2ovy,5.92,6.790265
3435,3c2f,7.6,7.3186507
3436,4db7,7.77,6.2656884
3437,4i3z,7.96,8.522512
3438,1pvn,4.11,4.375662
3439,1o33,4.66,5.438782
3440,1y6r,6.74,6.225152
3441,2hnx,6.57,5.2265277
3442,4etz,6.44,5.652573
3443,6jfk,7.52,8.007505
3444,3buh,3.46,4.1089396
3445,6fs0,7.37,6.4050026
3446,5mge,3.19,5.0681424
3447,2euk,6.74,4.896705
3448,4mc6,10.0,8.945814
3449,1td7,6.2,5.442793
3450,6dpy,4.54,6.011039
3451,4m3p,4.41,4.3539667
3452,4djp,8.05,8.048303
3453,5d1r,7.56,7.601716
3454,5ehw,5.92,5.6505218
3455,4io4,8.4,6.625316
3456,1os0,5.17,5.2654305
3457,1qhc,4.54,4.541254
3458,5cjf,6.89,7.6474195
3459,3bfu,5.07,5.7195854
3460,4fl1,6.66,6.341047
3461,1d6v,6.54,6.537288
3462,2cgr,7.17,8.120264
3463,4zw6,4.74,5.23954
3464,2uz9,7.46,5.3242145
3465,5evk,7.05,6.0933437
3466,4non,6.04,7.0334764
3467,1o3f,6.5,7.917314
3468,4jsz,2.49,4.3579803
3469,5v82,6.4,6.1278577
3470,4des,6.77,7.1195607
3471,1bma,2.27,4.3076982
3472,2v54,3.44,5.15811
3473,4i8x,5.01,6.735136
3474,2bo4,5.76,6.517422
3475,1eld,2.92,4.365533
3476,5e7n,7.62,8.800952
3477,4euo,5.4,4.2029667
3478,4nj9,6.75,4.8613644
3479,1dud,8.96,6.638131
3480,1njs,3.73,4.650807
3481,2a4m,6.87,5.0199146
3482,4r5a,3.89,4.1697063
3483,5ka7,9.28,8.699629
3484,3aho,4.11,4.9761796
3485,4b3b,5.8,6.169907
3486,3pwm,4.17,5.9436216
3487,3i73,4.28,5.9249725
3488,4o3c,6.21,7.959931
3489,1wm1,6.54,7.4246626
3490,6mlj,2.23,5.985032
3491,1pa9,7.77,7.0184164
3492,1qbn,5.44,5.7683167
3493,3juk,5.61,6.0732985
3494,5dfp,10.85,8.812948
3495,6cdj,5.26,6.1355386
3496,4n9a,7.0,6.8106503
3497,2azr,4.85,6.2782717
3498,6nwk,7.0,7.9069257
3499,1cnw,10.7,7.807079
3500,4hbm,8.1,7.4800115
3501,3drg,6.5,7.0248294
3502,4jal,5.74,4.983714
3503,4iva,3.1,5.9775653
3504,5l8c,8.82,6.906289
3505,2h6t,7.55,6.8877654
3506,3ai8,4.49,5.457786
3507,4hu1,9.72,7.909944
3508,6n8x,3.34,4.3807316
3509,2xmy,9.12,8.594254
3510,2vwl,7.6,8.170483
3511,6n0k,4.15,5.3345203
3512,6t1n,4.52,5.500829
3513,4tmn,8.34,6.7341833
3514,1oif,7.46,6.990759
3515,6ugr,4.77,5.0312085
3516,5nzn,9.49,8.630199
3517,5var,9.48,7.943768
3518,1nny,6.7,6.3382554
3519,3n8k,10.16,7.592014
3520,4g0z,7.57,8.563852
3521,6d1b,8.66,8.791698
3522,2yi0,9.0,8.562073
3523,4knn,8.64,6.4913116
3524,6fnq,4.28,6.341772
3525,2y81,6.72,5.586593
3526,4k0y,7.68,6.894109
3527,5xmx,6.85,7.552235
3528,5fe7,9.3,7.988596
3529,3cyw,6.44,7.443025
3530,2xjx,4.0,5.3636036
3531,4yhm,5.15,6.1569734
3532,2brb,5.95,5.462367
3533,2vb8,2.82,5.6577244
3534,2hoc,7.1,6.7591314
3535,1ecq,7.77,9.026468
3536,6ma4,5.19,5.2064037
3537,1m7d,7.59,5.1821656
3538,5wex,6.37,6.602611
3539,6p89,10.72,9.1698475
3540,3o7u,8.89,6.838041
3541,4djv,5.89,6.9357357
3542,5ant,7.36,6.3054357
3543,2dri,7.7,5.2417393
3544,1t7j,6.31,4.938172
3545,3arx,7.28,6.2788773
3546,6e1y,3.66,4.085551
3547,1o3i,11.11,8.306395
3548,4f5y,5.07,7.046373
3549,4u5o,4.94,4.826617
3550,1pgp,5.41,5.974369
3551,4crf,5.49,5.765904
3552,1bzj,6.32,6.3564157
3553,5f60,10.59,9.076881
3554,3bgb,4.82,4.0739594
3555,3q44,5.33,3.9860919
3556,1b5i,5.59,4.491629
3557,3fee,7.04,6.0019894
3558,6q4e,6.24,6.0125732
3559,1bxo,6.98,7.1310735
3560,1vso,8.7,8.360284
3561,2ihq,6.92,6.069343
3562,1o3d,7.7,7.44014
3563,2zxd,9.15,7.047431
3564,1mu6,8.1,6.9039197
3565,6g3q,7.37,4.9320703
3566,4p5d,3.89,5.1306233
3567,5jsq,6.93,7.17652
3568,5h5f,8.64,7.6053357
3569,6o0p,5.72,5.0485516
3570,6ayq,9.28,9.489136
3571,5tmp,7.36,7.714492
3572,6r8l,6.85,6.2855153
3573,3nik,6.17,7.35727
3574,5vc3,8.3,6.9238424
3575,5gs9,10.66,9.531393
3576,5eh7,4.4,5.7567353
3577,6dyr,8.49,8.491308
3578,3p3r,8.57,7.5285645
3579,6h37,7.12,8.571539
3580,6pia,6.88,5.0287356
3581,5ttw,7.17,6.8369412
3582,5yum,10.68,8.278494
3583,1gvw,9.22,7.367153
3584,6csr,4.43,4.152086
3585,2jkp,4.68,4.7413692
3586,4ljh,8.66,7.82888
3587,6fhk,8.6,6.8168206
3588,1o0h,8.19,8.580111
3589,6dyy,6.28,5.432696
3590,4zba,6.87,6.5640106
3591,2idw,6.0,4.4737806
3592,2j4g,6.59,8.021408
3593,2wvt,4.59,4.82586
3594,4aq6,4.33,5.449482
3595,4c5d,5.47,5.537669
3596,2p53,7.07,6.8736196
3597,4owm,7.1,6.725199
3598,1ajq,3.93,5.1393557
3599,1nfx,6.4,4.8047123
3600,4yrd,7.74,6.5458174
3601,4yo8,8.14,6.36552
3602,5nka,5.62,4.602107
3603,6d16,8.09,7.8548403
3604,4yc0,5.23,6.830333
3605,6idg,5.8,5.34191
3606,3d6p,3.28,5.364168
3607,6mh1,7.47,6.6646347
3608,6mu3,7.59,6.7511964
3609,4zzx,9.2,8.775629
3610,3ok9,8.59,7.741244
3611,4ddk,5.39,3.2222996
3612,2vj8,6.0,5.2592087
3613,6md6,9.12,7.768996
3614,5op5,4.48,4.3991117
3615,6ne5,5.71,5.9052176
3616,4ymh,4.69,5.073954
3617,5hwu,6.41,7.57997
3618,5u0e,5.47,5.8709717
3619,2fxs,7.64,6.9541917
3620,2usn,7.46,6.8249936
3621,4ibc,9.21,8.834639
3622,3s8l,3.22,4.349846
3623,5i29,4.68,4.6976013
3624,2reg,5.92,6.7411237
3625,3b5r,9.09,8.549829
3626,4ffs,10.15,8.084373
3627,3ccw,2.89,4.3201303
3628,4h3g,5.85,5.688426
3629,4y79,9.47,7.8511677
3630,4ibd,7.42,6.7887506
3631,2ri9,4.33,4.814535
3632,3pww,7.2,7.37351
3633,6r1d,6.7,4.583631
3634,2uy3,8.19,7.507297
3635,1jzs,4.1,4.4764867
3636,2r38,7.14,7.029121
3637,1f0s,10.89,9.129301
3638,5vl2,3.62,5.4528913
3639,4qp2,7.19,7.3783326
3640,4mrz,4.68,4.7262664
3641,5egu,6.7,7.329099
3642,2we3,5.97,6.385431
3643,1bgq,4.92,5.492403
3644,3u90,6.12,6.878386
3645,2gv6,7.74,6.469475
3646,3sur,7.22,8.036133
3647,4hwp,5.06,6.3546042
3648,6plf,6.66,6.209247
3649,5exn,5.12,5.6230536
3650,4djw,6.71,7.1638775
3651,1fao,6.05,8.392277
3652,2xei,6.12,7.3298454
3653,5u14,5.49,6.1212654
3654,6b7b,4.25,5.4567323
3655,1w3k,4.6,4.071557
3656,3f3e,6.42,7.0994062
3657,6mnc,8.0,6.8372817
3658,2x96,4.26,4.583786
3659,3f17,6.15,5.635986
3660,3suv,8.7,6.9427605
3661,2wyf,4.92,5.3769846
3662,4fz3,3.59,7.7976975
3663,4u5s,7.0,6.272785
3664,4o9w,6.08,7.6934133
3665,4pmm,6.61,5.9910603
3666,6qau,7.7,7.313401
3667,4hj2,8.7,7.805958
3668,3hl8,4.79,4.4463387
3669,6fh3,2.89,3.5656712
3670,2wlz,9.52,7.643247
3671,5cbr,4.96,5.836819
3672,6e5t,5.7,5.35312
3673,6jof,6.73,5.7442756
3674,5ipc,3.95,4.521942
3675,3mi3,8.3,8.796889
3676,3t2q,7.52,7.032644
3677,3wto,5.1,5.669634
3678,4ipn,7.7,6.910241
3679,2w26,7.39,6.904503
3680,6cdp,6.3,6.497435
3681,4b1j,7.46,9.257935
3682,3str,7.3,8.410698
3683,4y5d,4.04,4.7634583
3684,1zdp,3.46,4.374447
3685,2cex,9.92,8.705563
3686,1hbv,4.66,6.166277
3687,3sm2,5.89,5.2974877
3688,5fe6,3.48,3.417509
3689,4m6u,7.08,5.6924577
3690,4mr3,5.77,7.3145514
3691,4efs,9.85,9.083752
3692,5cso,7.28,5.6605906
3693,1m5w,9.76,6.6007276
3694,2vvu,4.3,6.009757
3695,4cwn,7.22,7.4059196
3696,6hsh,11.07,8.0406475
3697,1m1b,10.57,9.495007
3698,3cj4,2.19,3.8995352
3699,6cpa,3.59,4.2767024
3700,1gx8,7.52,8.31446
3701,6mln,7.74,6.6478233
3702,4np2,4.31,5.9278555
3703,1xff,8.52,5.9648604
3704,2fle,7.16,7.6831675
3705,5jhb,8.0,8.910318
3706,3w37,5.11,5.098418
3707,6fba,8.77,7.692927
3708,6g3v,3.55,4.6250544
3709,4ceb,5.46,4.04338
3710,2p3c,7.09,7.449394
3711,6exs,3.23,3.8115098
3712,1lyx,7.46,5.7888765
3713,4ej8,7.37,7.3749104
3714,1f8c,5.47,4.5664253
3715,4ipi,7.79,6.7174797
3716,1m2p,7.19,6.2765403
3717,3nq9,7.38,6.862377
3718,6g98,7.24,5.6283507
3719,2q8h,5.74,6.303189
3720,3ttp,6.42,5.975943
3721,1mes,9.15,8.659315
3722,3bex,8.64,7.6282415
3723,1laf,7.3,8.777178
3724,2f35,2.22,3.7021523
3725,6k04,6.7,6.996968
3726,5cp5,3.46,4.440894
3727,5nxw,3.31,4.1104436
3728,1ppk,8.27,6.6730003
3729,5etj,3.24,4.4142823
3730,5wbm,7.49,7.422414
3731,5hbs,5.6,6.267279
3732,5i3y,4.8,6.5999117
3733,2oi0,7.21,6.995705
3734,3nyx,6.42,5.5845437
3735,3el9,7.3,6.42977
3736,4ozj,7.03,8.940733
3737,1ype,4.02,5.0528283
3738,4pp0,7.37,6.890441
3739,5fck,7.93,7.0153317
3740,3re4,5.74,4.6489563
3741,2wzm,5.7,5.998808
3742,3fh7,5.09,5.2883124
3743,4ll3,7.7,7.5332346
3744,4mc1,7.24,7.0652585
3745,5d3p,3.51,4.7344046
3746,4k4j,7.85,6.219635
3747,4qxo,6.43,5.635107
3748,5m25,10.0,6.877879
3749,5oei,6.6,6.254596
3750,1gar,6.05,5.485654
3751,6gxq,3.05,3.983008
3752,6nu5,7.96,6.7321754
3753,3ohi,4.49,4.766384
3754,2qd7,5.91,6.377372
3755,3oe4,5.66,6.954142
3756,6p3t,6.02,5.1696944
3757,1w5y,4.82,4.282378
3758,1sdt,8.51,9.204578
3759,2qwe,3.87,4.5099525
3760,2uxz,7.12,4.642002
3761,4q4r,6.47,7.260383
3762,3u5l,5.79,5.7793937
3763,1px4,8.48,8.612278
3764,5n2z,8.36,8.172045
3765,4xxh,8.85,7.3543677
3766,3oim,3.0,4.8807335
3767,6qlq,6.35,7.78555
3768,5sym,5.29,5.7522883
3769,6csp,8.55,7.3518114
3770,1b6h,8.7,8.446879
3771,1qbr,7.85,7.879953
3772,1tjp,11.15,8.7458725
3773,1ydt,4.77,4.48582
3774,1y3n,5.77,4.5823708
3775,3ljz,4.48,5.781148
3776,5jzi,7.24,7.2804523
3777,5qa8,3.72,4.6609993
3778,6n78,4.24,5.2133613
3779,3ip9,4.55,4.937748
3780,2yge,5.24,6.376281
3781,5u0f,4.92,4.542186
3782,6hhr,9.51,7.7195
3783,5eei,4.0,4.6734753
3784,3i9g,4.82,5.193691
3785,1nz7,7.76,6.79944
3786,1ps3,5.34,5.8489623
3787,3jzj,7.44,7.739709
3788,6d1a,6.59,6.402131
3789,1g7v,5.4,7.645627
3790,2vjx,5.47,8.294964
3791,1i2s,4.0,4.841523
3792,5j86,7.42,7.016546
3793,5j8z,8.05,6.0274787
3794,5xpi,4.2,5.7011304
3795,6uh0,4.8,6.213778
3796,3t09,4.77,5.6354785
3797,3dd0,5.4,4.7009645
3798,3lpl,3.15,3.7300532
3799,5l8a,7.92,8.445059
3800,4xk9,3.6,5.4118795
3801,6qlt,6.52,7.499354
3802,1wc1,6.4,5.658254
3803,4u5n,8.27,8.031876
3804,1sld,3.74,4.662525
3805,3ioe,10.05,7.236771
3806,1j01,5.0,6.504033
3807,5gj9,5.14,3.498294
3808,1e1v,10.21,8.355473
3809,2bfq,3.14,4.296542
3810,3kdc,6.08,7.59617
3811,6evn,3.94,5.508098
3812,4tkh,4.88,6.2577224
3813,4yx4,3.73,3.699935
3814,6rih,8.38,8.692812
3815,5d47,4.85,5.5629387
3816,4bks,6.02,7.994868
3817,1tom,6.79,6.083918
3818,6j72,8.85,9.021353
3819,5jhk,7.14,8.033829
3820,3kdb,5.85,6.93273
3821,1swg,9.22,6.314224
3822,3i51,8.1,8.536037
3823,3qfd,5.85,6.8652825
3824,5fsx,4.55,4.4982405
3825,1nvr,3.66,5.3501163
3826,5uln,6.47,5.5870595
3827,4or6,4.8,3.959841
3828,4rd0,8.55,6.7059574
3829,6czc,10.36,8.949585
3830,5oha,5.44,4.283189
3831,6d50,5.23,6.023811
3832,5u0d,2.92,4.3772717
3833,2oax,6.56,7.0106745
3834,6bdy,3.02,3.747657
3835,1x8j,5.38,6.50658
3836,6ei5,8.64,7.2710886
3837,3eeb,4.73,7.6876273
3838,966c,6.1,7.2914925
3839,4j21,6.6,7.581735
3840,3st5,7.32,6.1832585
3841,1o30,5.96,5.7115893
3842,5irr,6.7,6.9829397
3843,5l9l,3.96,5.5332284
3844,5nk2,10.17,7.058064
3845,5o1f,7.52,6.635013
3846,4tt2,5.3,6.3470206
3847,2j94,5.4,7.094678
3848,5cy9,8.64,5.0540385
3849,3bxf,10.72,7.727619
3850,3ery,6.22,5.6985507
3851,3bgs,4.54,5.074992
3852,2p4y,6.51,6.2935953
3853,4djx,6.21,6.8623676
3854,5f61,5.31,4.6313
3855,2web,6.31,6.1247063
3856,3t83,6.4,7.2120647
3857,3k5v,8.8,6.6869574
3858,5khm,6.89,4.8000536
3859,4ejl,3.82,5.105891
3860,2zft,8.05,8.189394
3861,3k97,8.11,7.418423
3862,5tb6,8.4,7.4464273
3863,6nyv,6.22,6.475466
3864,1syh,4.85,5.192386
3865,3f15,7.77,5.720944
3866,3wz6,5.3,5.8588047
3867,1ew8,6.6,4.9312525
3868,5llg,7.4,6.730889
3869,3bra,7.33,6.5596805
3870,4kif,6.79,6.5045877
3871,4m2w,7.5,9.011896
3872,6d5j,4.98,4.578767
3873,5lvd,3.86,4.6155405
3874,6dj2,7.0,5.8723907
3875,6fmj,7.92,8.986364
3876,6n7a,7.3,6.036392
3877,5t8p,3.12,4.508606
3878,2w8y,7.82,6.7930245
3879,5ewy,6.44,5.5872927
3880,3zxz,3.7,4.0288334
3881,1ndy,7.85,7.539317
3882,4rrg,5.44,6.5002813
3883,3qbc,5.66,5.4590254
3884,4uof,6.9,6.757735
3885,1z9g,5.66,4.2126865
3886,4hdp,8.1,8.029812
3887,4o04,8.7,7.8538327
3888,4wkp,7.7,6.5511317
3889,6eif,6.82,5.5555606
3890,6i61,5.3,5.8471804
3891,1hvr,6.29,6.8378925
3892,1a28,7.25,7.42896
3893,5otc,2.72,3.9675798
3894,2r58,8.65,8.369909
3895,1uwu,8.38,6.902594
3896,1rd4,8.3,6.409333
3897,2zfs,3.0,4.522791
3898,2qpu,9.08,8.646343
3899,4g8n,5.21,5.253437
3900,2g94,10.74,9.036102
3901,4pvx,9.92,6.783871
3902,6ced,6.76,5.329083
3903,4abe,3.22,5.4348035
3904,4r74,6.36,4.828503
3905,4loy,8.11,8.992357
3906,6hgi,6.52,4.894523
3907,3mhm,6.67,6.804828
3908,2f7i,7.4,6.9847474
3909,2bet,5.37,6.6932735
3910,2wej,4.37,5.168813
3911,3twp,6.68,4.871815
3912,2h21,7.05,6.8251934
3913,3ao5,5.54,6.47072
3914,5zae,5.89,5.383515
3915,2f80,9.04,7.6882772
3916,5d26,6.0,5.7117877
3917,6r1a,7.45,7.1776047
3918,3fl5,8.89,7.81308
3919,2jkh,5.02,6.3434196
3920,5uf0,5.85,6.339358
3921,5sz6,4.69,6.2498517
3922,2bys,6.51,6.8310304
3923,1y3p,8.74,7.1062183
3924,2qbu,7.02,7.2688937
3925,5lso,7.0,6.726938
3926,5znc,11.13,6.9274893
3927,6gl9,8.8,7.885266
3928,3ovn,8.69,9.248304
3929,4e67,7.03,6.483541
3930,5mgk,2.65,5.26733
3931,2v8w,6.77,4.9869795
3932,4owv,4.38,6.1025233
3933,4o9v,5.7,7.0575876
3934,6ma3,7.83,8.108116
3935,6hza,9.77,8.783472
3936,1iy7,4.43,4.469638
3937,3sha,3.47,5.6932645
3938,4duh,6.46,6.6990767
3939,5l4i,6.89,5.94079
3940,6bs3,6.23,6.27753
3941,4ew3,4.85,6.2832932
3942,1fzj,7.06,6.814255
3943,1ebz,6.77,6.1756415
3944,1jev,10.49,8.930668
3945,3p8n,6.2,4.938626
3946,3f19,8.01,7.4124484
3947,5c5t,7.0,5.478747
3948,6d18,4.59,6.0754886
3949,1fkn,5.49,7.7571754
3950,4bs0,6.34,6.341627
3951,5ime,8.0,8.489899
3952,5llp,4.87,4.0350695
3953,4b5d,8.09,8.494282
3954,3q1x,7.72,7.472776
3955,3mmf,6.08,5.5169077
3956,4eu0,6.39,6.9130945
3957,5mn1,8.96,7.3731713
3958,6fsy,5.85,5.767529
3959,7std,5.91,4.334979
3960,5ty9,4.28,4.6256485
3961,1ta6,8.89,8.476023
3962,1g4o,8.7,8.003442
3963,1ciz,4.96,6.174352
3964,3gba,7.33,7.6055403
3965,3nes,7.62,6.3337245
3966,3zdg,3.96,4.5018263
3967,4buq,8.05,7.312543
3968,2arm,9.0,6.7341166
3969,3ccz,6.69,7.4952335
3970,3t08,4.33,5.106324
3971,2jke,6.52,4.6564846
3972,5ewa,3.55,5.365783
3973,1w9v,7.52,8.495452
3974,1ado,6.55,5.9569087
3975,1nw4,5.96,6.385976
3976,3lzs,8.29,7.411905
3977,4zwz,6.62,5.5212955
3978,5aa9,8.89,7.541609
3979,4lm3,9.72,7.3046246
3980,3fqe,3.81,4.930596
3981,5ta2,8.05,7.5151978
3982,4wkn,5.74,5.720678
3983,1ghz,7.44,8.709215
3984,6pgc,4.35,3.5614424
3985,1xug,2.96,3.9733884
3986,2uy0,4.96,5.938804
3987,3cf8,10.4,8.313787
3988,4cwo,4.09,4.9084134
3989,3owj,8.96,8.893814
3990,6r8o,2.76,4.7089887
3991,4q4s,6.31,5.2457867
3992,5eis,5.75,5.576309
3993,1hyo,7.55,6.261155
3994,4o0b,4.94,5.493585
3995,2gz2,8.74,7.7007194
3996,5yl2,3.23,5.44074
3997,5zo8,4.63,5.4807043
3998,5ljq,8.51,8.345038
3999,3lir,3.57,5.974261
4000,4jh0,3.91,4.2135997
4001,4tpw,4.38,4.8144298
4002,1b5h,4.67,5.833645
4003,4kmz,6.92,6.8811665
4004,3mfw,3.71,4.309349
4005,1ur9,2.96,3.4278421
4006,5jop,6.04,6.521132
4007,3rz7,6.62,5.7872148
4008,1w4p,7.0,6.022176
4009,2qnq,3.3,4.123782
4010,4zzy,6.41,5.654141
4011,6b98,6.23,7.070861
4012,6fv4,5.24,5.3534555
4013,1sh9,4.96,4.6739664
4014,5vm0,7.74,7.086148
4015,3su6,6.6,7.06769
4016,2w8w,8.48,8.350914
4017,3ipq,7.82,6.5396934
4018,5lz7,6.85,7.1629195
4019,4hws,4.04,4.266061
4020,4mo8,7.6,5.4449058
4021,3m36,3.52,5.150515
4022,3m3z,2.98,4.092286
4023,4d4d,5.76,6.996619
4024,5t7s,7.0,7.2134805
4025,1x39,8.7,7.631554
4026,4muf,8.19,8.224146
4027,5kej,10.42,7.0314784
4028,5vb5,6.68,7.653786
4029,5ta4,6.47,7.2873363
4030,5fol,7.6,6.6365066
4031,2nnd,7.52,5.4541197
4032,6faf,2.07,5.5229497
4033,4dko,6.62,6.8695073
4034,1o5a,7.89,7.863905
4035,5f5z,5.92,6.8469996
4036,3n0n,5.12,4.56602
4037,3n7a,9.68,8.240648
4038,4x3k,5.77,6.4177046
4039,3i6o,4.09,3.9894395
4040,3zsy,9.22,8.573173
4041,3n86,8.18,9.424547
4042,3po1,8.05,5.967424
4043,4q8y,9.54,7.039417
4044,3nu3,5.95,5.514213
4045,3l59,10.7,8.596403
4046,6gj6,8.19,8.2875805
4047,3k02,8.7,8.019214
4048,5o07,9.04,8.810763
4049,4gr3,7.89,6.866388
4050,4mjp,7.14,6.512536
4051,2xxr,5.77,4.934222
4052,3ao4,6.42,7.305387
4053,4dmw,7.62,8.48637
4054,2r0z,6.6,7.475351
4055,3dne,7.99,7.504368
4056,3b66,10.51,8.700599
4057,5u8c,5.11,6.339129
4058,5acy,6.02,6.243444
4059,2f8g,5.7,6.6677685
4060,6s57,7.89,5.204286
4061,3p3t,7.48,6.0858593
4062,5cbs,8.35,7.943945
4063,5kab,8.22,8.476473
4064,2yel,6.73,7.119726
4065,3ebp,4.85,5.4404593
4066,1g30,5.0,5.4055386
4067,2xb7,5.48,5.584125
4068,2pqc,8.05,7.534726
4069,3rf4,3.55,3.9061284
4070,5dnu,9.92,6.9850645
4071,5kbe,4.45,5.0121646
4072,3gk1,10.11,7.7894697
4073,5exl,6.17,4.894179
4074,4c52,5.51,7.4320335
4075,4hdf,7.55,6.8497434
4076,5f1h,6.86,6.622898
4077,1lf2,6.34,6.3895516
4078,5cbm,3.52,3.9007945
4079,5k03,3.72,4.6111994
4080,6eeo,6.57,5.466619
4081,3su4,6.06,6.071599
4082,5h8e,8.41,7.702918
4083,4bam,6.22,6.5039887
4084,6gla,3.03,3.8902903
4085,1elr,5.17,5.871594
4086,4np9,7.38,6.917508
4087,6std,4.93,5.773645
4088,5i7y,6.51,7.459836
4089,5nw7,3.98,5.3903656
4090,3r1v,7.63,6.386499
4091,6g2r,10.3,7.366479
4092,1flr,7.82,6.9811687
4093,6hh5,5.15,3.685458
4094,6nxz,6.74,6.1099234
4095,2o8h,7.36,7.873801
4096,4oc3,9.57,9.193462
4097,5a7b,8.09,8.0907135
4098,3th9,8.4,7.724744
4099,2q63,6.15,6.941247
4100,4er2,4.62,5.6045766
4101,6pi6,2.52,5.647648
4102,4c6u,4.88,5.4576473
4103,1qk4,2.41,4.7478437
4104,4ufk,8.15,7.2334027
4105,3h8b,7.11,5.968953
4106,5wa9,7.13,5.8358407
4107,1bnt,6.52,5.235019
4108,3rr4,7.28,6.570773
4109,1c88,4.53,5.383674
4110,2ha2,6.73,7.6134624
4111,6dyv,4.1,5.5178304
4112,1bv9,5.74,5.5816135
4113,1h46,8.02,6.758294
4114,4ks4,5.46,4.871424
4115,3mhc,6.92,8.356436
4116,3fzy,8.3,7.7883086
4117,3t0b,5.31,4.9334927
4118,5eij,2.23,3.9027562
4119,6hgj,8.7,7.6119623
4120,2afw,5.22,4.7217293
4121,5m28,7.38,7.7788076
4122,1det,3.37,3.954319
4123,1my4,4.8,4.739444
4124,2y7i,6.89,7.025855
4125,1d4i,8.15,6.732341
4126,5mrm,7.19,7.698042
4127,5am6,7.77,4.9914875
4128,5zyg,5.66,6.8355412
4129,6f20,3.92,4.0348773
4130,3ip5,5.12,4.466364
