gate_count,replica,circuit_seed,mode,circuit_fingerprint,n_h_slots,n_t_slots,n_cnot,n_gates_total,n_quantum_params_if_vqc,r2_holdout,rmse_holdout,mae_holdout,pearson_holdout,spearman_holdout,r2_val,best_val_rmse,train_time_s,epochs_run,n_trainable_total,n_quantum_params
3,0,1051,fixed_e2e,h:0|h:5|h:3,3,0,0,3,3,0.4617624282836914,0.7258779931444378,0.5655261278152466,0.6854231357574463,0.6743854276843215,0.9834936857223511,0.12919173273037163,222.60048484802246,15.0,5599.0,0.0
3,0,1051,param_vqc,h:0|h:5|h:3,3,0,0,3,3,0.45973193645477295,0.7272459118001359,0.5663716197013855,0.6819329261779785,0.6746963446112222,0.9497462511062622,0.22542074686477942,151.88604426383972,15.0,868.0,3.0
3,1,1052,fixed_e2e,"cx:5,0|h:3|t:2",1,1,1,3,2,0.4686926603317261,0.721189753298715,0.5631783604621887,0.6898658871650696,0.6799055838573256,0.9814925789833069,0.1367989373065255,215.42181491851807,15.0,5599.0,0.0
3,1,1052,param_vqc,"cx:5,0|h:3|t:2",1,1,1,3,2,0.46739524602890015,0.7220697445773058,0.5651636719703674,0.6852083206176758,0.6749843996508016,0.9484977722167969,0.22820359306718413,136.65825605392456,15.0,867.0,2.0
3,2,1053,fixed_e2e,"cx:2,5|cx:5,1|t:3",0,1,2,3,1,0.468803346157074,0.7211146226633183,0.5634536147117615,0.6899753212928772,0.6787769248353458,0.9828182458877563,0.13180857480392136,217.1947808265686,15.0,5599.0,0.0
3,2,1053,param_vqc,"cx:2,5|cx:5,1|t:3",0,1,2,3,1,0.46957892179489136,0.7205879925822459,0.5627144575119019,0.686820387840271,0.6736607449667688,0.9378572702407837,0.2506713347043675,128.47456526756287,15.0,866.0,1.0
3,3,1054,fixed_e2e,"h:0|cx:4,5|h:2",2,0,1,3,2,0.4797016382217407,0.7136789222373517,0.5613046288490295,0.6928759813308716,0.6783699974630374,0.9837108850479126,0.1283388437973216,219.7340431213379,15.0,5599.0,0.0
3,3,1054,param_vqc,"h:0|cx:4,5|h:2",2,0,1,3,2,0.4679754376411438,0.7216763425344292,0.5629848837852478,0.686751663684845,0.6762975774512718,0.9523001909255981,0.21961800330659415,144.40442490577698,15.0,867.0,2.0
3,4,1055,fixed_e2e,"h:2|cx:5,1|t:5",1,1,1,3,2,0.46220624446868896,0.7255787085356581,0.5709666013717651,0.682842493057251,0.672597021289856,0.9819971323013306,0.1349212811804307,223.78834295272827,15.0,5599.0,0.0
3,4,1055,param_vqc,"h:2|cx:5,1|t:5",1,1,1,3,2,0.466373085975647,0.7227623114208604,0.5708982944488525,0.6856310367584229,0.6778071138567925,0.9067416787147522,0.3070812946525372,142.85117197036743,15.0,867.0,2.0
3,5,1056,fixed_e2e,"h:2|cx:2,3|cx:1,4",1,0,2,3,1,0.47709405422210693,0.7154650463600711,0.5575754642486572,0.6925621032714844,0.6794066282034976,0.9840057492256165,0.1271719513815681,215.30964922904968,15.0,5599.0,0.0
3,5,1056,param_vqc,"h:2|cx:2,3|cx:1,4",1,0,2,3,1,0.44637006521224976,0.7361840630815503,0.5751716494560242,0.6734299659729004,0.6634934509431423,0.9522601366043091,0.2197101417339634,135.99346828460693,15.0,866.0,1.0
3,6,1057,fixed_e2e,"cx:4,1|t:1|h:3",1,1,1,3,2,0.4695008397102356,0.7206410120221531,0.5635949373245239,0.6862666606903076,0.6734912422646061,0.9849994778633118,0.12315811699413043,215.04652309417725,15.0,5599.0,0.0
3,6,1057,param_vqc,"cx:4,1|t:1|h:3",1,1,1,3,2,0.4678158164024353,0.7217846124381372,0.5590347647666931,0.6880328059196472,0.6776596197211182,0.9525195956230164,0.2191122835705226,137.41373777389526,15.0,867.0,2.0
3,7,1058,fixed_e2e,h:1|h:0|t:3,2,1,0,3,3,0.4690042734146118,0.7209782269188862,0.5616368055343628,0.6869720816612244,0.6754369441326489,0.9832337498664856,0.13020486270729648,210.14660096168518,15.0,5599.0,0.0
3,7,1058,param_vqc,h:1|h:0|t:3,2,1,0,3,3,0.4730944037437439,0.7181961164461377,0.5612626671791077,0.6897903680801392,0.6786312795614766,0.9632085561752319,0.19287811459667545,140.45330786705017,15.0,868.0,3.0
3,8,1059,fixed_e2e,"h:4|h:4|cx:3,5",2,0,1,3,2,0.4702596068382263,0.7201254992914546,0.5637112259864807,0.6895111203193665,0.677940480792007,0.9794572591781616,0.1441248774002758,210.9084610939026,15.0,5599.0,0.0
3,8,1059,param_vqc,"h:4|h:4|cx:3,5",2,0,1,3,2,0.46690666675567627,0.7224008882249925,0.5628846883773804,0.6853015422821045,0.6713909708089808,0.9590067267417908,0.20359448133441208,142.22430992126465,15.0,867.0,2.0
3,9,1060,fixed_e2e,h:0|h:1|h:0,3,0,0,3,3,0.46530860662460327,0.7234828036728919,0.5647286772727966,0.6902384757995605,0.6794746805399413,0.9807959794998169,0.13934955758146716,209.93874597549438,15.0,5599.0,0.0
3,9,1060,param_vqc,h:0|h:1|h:0,3,0,0,3,3,0.4684280753135681,0.7213693243056952,0.5619611740112305,0.6875877380371094,0.6731828615968481,0.9640316963195801,0.19070823056248312,146.64564394950867,15.0,868.0,3.0
3,10,1061,fixed_e2e,t:2|h:3|t:0,1,2,0,3,3,0.4736115336418152,0.7178435622234082,0.5593053698539734,0.6898077726364136,0.6783398467935995,0.9806391596794128,0.1399173215383961,212.79754996299744,15.0,5599.0,0.0
3,10,1061,param_vqc,t:2|h:3|t:0,1,2,0,3,3,0.46372759342193604,0.7245516689797014,0.563510537147522,0.6866251230239868,0.675196829131543,0.9608508944511414,0.19896211175343256,143.3529601097107,15.0,868.0,3.0
3,11,1062,fixed_e2e,"h:2|t:0|cx:0,4",1,1,1,3,2,0.47203874588012695,0.7189152154527194,0.5606387257575989,0.6889886856079102,0.6780286691297774,0.9866827130317688,0.11604250394232606,218.26801300048828,15.0,5599.0,0.0
3,11,1062,param_vqc,"h:2|t:0|cx:0,4",1,1,1,3,2,0.4572226405143738,0.7289328109301257,0.5673069357872009,0.6809048652648926,0.6695439815689839,0.9685853719711304,0.1782278817860856,132.5517029762268,15.0,867.0,2.0
3,12,1063,fixed_e2e,"h:5|t:3|cx:4,5",1,1,1,3,2,0.46589261293411255,0.7230876150663538,0.5616734623908997,0.6845390796661377,0.673139164459184,0.9852757453918457,0.12201876123999139,210.18309092521667,15.0,5599.0,0.0
3,12,1063,param_vqc,"h:5|t:3|cx:4,5",1,1,1,3,2,0.450519859790802,0.7334198116839995,0.5693811774253845,0.6772972345352173,0.6664377870712136,0.9557505249977112,0.21152599681880416,132.0259771347046,15.0,867.0,2.0
3,13,1064,fixed_e2e,h:0|t:1|t:1,1,2,0,3,3,0.47396713495254517,0.7176010651469964,0.5616739988327026,0.6898080706596375,0.6801955114620667,0.9861546158790588,0.11832116064055445,204.23596000671387,15.0,5599.0,0.0
3,13,1064,param_vqc,h:0|t:1|t:1,1,2,0,3,3,0.45853084325790405,0.728053828678107,0.5691199898719788,0.6800413727760315,0.6675022692555337,0.9555995464324951,0.21188655797834374,134.06035685539246,15.0,868.0,3.0
3,14,1065,fixed_e2e,"cx:0,2|cx:4,0|h:3",1,0,2,3,1,0.4774627685546875,0.715212742360103,0.5578500628471375,0.691800594329834,0.6805716126192776,0.9853731393814087,0.1216144595121724,207.8070149421692,15.0,5599.0,0.0
3,14,1065,param_vqc,"cx:0,2|cx:4,0|h:3",1,0,2,3,1,0.4634363651275635,0.7247483770504295,0.5640069842338562,0.6830747127532959,0.6700719501311392,0.9557145833969116,0.21161179145819653,1205.0693409442902,15.0,866.0,1.0
3,15,1066,fixed_e2e,"cx:4,5|t:3|cx:4,2",0,1,2,3,1,0.46743154525756836,0.7220451451714425,0.565564751625061,0.6850554347038269,0.6747666132114964,0.9811384677886963,0.13810128365456303,1066.117700099945,15.0,5599.0,0.0
3,15,1066,param_vqc,"cx:4,5|t:3|cx:4,2",0,1,2,3,1,0.4602527618408203,0.726895286887047,0.5681037306785583,0.6828169822692871,0.6721480797181931,0.9516336917877197,0.2211470317328947,135.69408583641052,15.0,866.0,1.0
3,16,1067,fixed_e2e,h:3|h:5|t:3,2,1,0,3,3,0.46867644786834717,0.7212007453535886,0.565597653388977,0.687596321105957,0.6767821451677187,0.9807474613189697,0.13952549277471313,215.2660562992096,15.0,5599.0,0.0
3,16,1067,param_vqc,h:3|h:5|t:3,2,1,0,3,3,0.4828947186470032,0.7114856409405301,0.5564128160476685,0.6971253156661987,0.6864545486631529,0.9645962715148926,0.18920570616804772,146.36853194236755,15.0,868.0,3.0
3,17,1068,fixed_e2e,t:1|t:5|t:5,0,3,0,3,3,0.47601932287216187,0.7161999121390265,0.5591287612915039,0.6927076578140259,0.6808700852840281,0.985715389251709,0.12018312024801783,210.80590724945068,15.0,5599.0,0.0
3,17,1068,param_vqc,t:1|t:5|t:5,0,3,0,3,3,0.4669860005378723,0.722347090290721,0.5671967267990112,0.6877244710922241,0.6747432772570455,0.9660872220993042,0.1851788233424758,139.04181504249573,15.0,868.0,3.0
3,18,1069,fixed_e2e,"cx:5,1|cx:4,3|cx:0,4",0,0,3,3,0,0.46882957220077515,0.7210968100171861,0.5634453892707825,0.6867486238479614,0.6772613440739237,0.9862605333328247,0.11786762997295215,215.74644804000854,15.0,5599.0,0.0
3,18,1069,param_vqc,"cx:5,1|cx:4,3|cx:0,4",0,0,3,3,0,0.4548414349555969,0.7305300273794467,0.5708677172660828,0.6796622276306152,0.6658181694812426,0.9734678268432617,0.16379332031276317,125.01687026023865,15.0,865.0,0.0
3,19,1070,fixed_e2e,t:0|t:5|t:1,0,3,0,3,3,0.47405844926834106,0.7175387667108591,0.5599393844604492,0.6896927356719971,0.6801475595719148,0.984691858291626,0.12441448079851816,209.7865071296692,15.0,5599.0,0.0
3,19,1070,param_vqc,t:0|t:5|t:1,0,3,0,3,3,0.45940858125686646,0.7274634814846505,0.5663941502571106,0.6817916631698608,0.6713608675462558,0.9591272473335266,0.2032948847251,140.85908603668213,15.0,868.0,3.0
3,20,1071,fixed_e2e,"h:3|cx:0,4|t:0",1,1,1,3,2,0.46182239055633545,0.7258375920003989,0.5687252879142761,0.6861790418624878,0.6766628580262513,0.9845004081726074,0.12519012833215348,212.29304385185242,15.0,5599.0,0.0
3,20,1071,param_vqc,"h:3|cx:0,4|t:0",1,1,1,3,2,0.4491448402404785,0.7343368926205165,0.5727633237838745,0.6759616136550903,0.6653952423433125,0.9493549466133118,0.22629659768242766,137.47857689857483,15.0,867.0,2.0
3,21,1072,fixed_e2e,"cx:3,0|t:3|h:0",1,1,1,3,2,0.4639362692832947,0.7244106544626333,0.5671162605285645,0.6831071972846985,0.6735900852611126,0.9830313920974731,0.1309883563803916,215.6790862083435,15.0,5599.0,0.0
3,21,1072,param_vqc,"cx:3,0|t:3|h:0",1,1,1,3,2,0.462995707988739,0.7250459080992534,0.5674272775650024,0.6851108074188232,0.6701540111512604,0.964302122592926,0.1899900594733538,143.2385778427124,15.0,867.0,2.0
3,22,1073,fixed_e2e,h:0|t:4|t:4,1,2,0,3,3,0.4701853394508362,0.7201759457186473,0.5634030699729919,0.6894043684005737,0.6767144720849786,0.9810270071029663,0.13850884861515267,216.6373701095581,15.0,5599.0,0.0
3,22,1073,param_vqc,h:0|t:4|t:4,1,2,0,3,3,0.4643063545227051,0.7241605618010662,0.5694470405578613,0.6831430196762085,0.6754716102914956,0.9311094880104065,0.26393037063559455,146.51588201522827,15.0,868.0,3.0
3,23,1074,fixed_e2e,"cx:3,2|h:0|cx:5,1",1,0,2,3,1,0.47477447986602783,0.7170501594103317,0.5597137212753296,0.6899361610412598,0.6793020964014367,0.9849638342857361,0.12330418129300849,221.2444350719452,15.0,5599.0,0.0
3,23,1074,param_vqc,"cx:3,2|h:0|cx:5,1",1,0,2,3,1,0.45636576414108276,0.7295079567875997,0.5713779330253601,0.6805768013000488,0.6720863087712157,0.9591864943504333,0.20314746512381401,139.56994819641113,15.0,866.0,1.0
3,24,1075,fixed_e2e,t:1|h:4|h:4,2,1,0,3,3,0.4740980863571167,0.7175117690420393,0.56083744764328,0.6896442770957947,0.6796346426411223,0.9838247299194336,0.12788965603526029,216.8443238735199,15.0,5599.0,0.0
3,24,1075,param_vqc,t:1|h:4|h:4,2,1,0,3,3,0.4604097604751587,0.7267895415591273,0.5684136152267456,0.6812648773193359,0.6695531784712968,0.94478440284729,0.23628738934981947,152.61149311065674,15.0,868.0,3.0
3,25,1076,fixed_e2e,t:0|t:4|h:5,1,2,0,3,3,0.46974998712539673,0.7204717662767168,0.5664503574371338,0.688518226146698,0.6766434094222623,0.9832208752632141,0.13025504387023973,214.8634970188141,15.0,5599.0,0.0
3,25,1076,param_vqc,t:0|t:4|h:5,1,2,0,3,3,0.45835012197494507,0.7281753522628931,0.5669689178466797,0.6826260089874268,0.6728327867250484,0.9708300828933716,0.1717423447286895,147.3765470981598,15.0,868.0,3.0
3,26,1077,fixed_e2e,"cx:1,2|t:3|h:3",1,1,1,3,2,0.46767109632492065,0.7218827515553361,0.5623480081558228,0.6882628798484802,0.6787288307250553,0.984488844871521,0.12523676383916482,218.26515412330627,15.0,5599.0,0.0
3,26,1077,param_vqc,"cx:1,2|t:3|h:3",1,1,1,3,2,0.46346408128738403,0.724729625666851,0.5671935677528381,0.6833665370941162,0.6692409697114681,0.9687445759773254,0.17777569259121861,146.39933896064758,15.0,867.0,2.0
3,27,1078,fixed_e2e,h:3|t:2|h:3,2,1,0,3,3,0.47171729803085327,0.7191340208397871,0.5609055757522583,0.689030647277832,0.6774572286118445,0.9851899743080139,0.12237360470052323,210.64503717422485,15.0,5599.0,0.0
3,27,1078,param_vqc,h:3|t:2|h:3,2,1,0,3,3,0.4678325653076172,0.7217732576614062,0.5644554495811462,0.6874727606773376,0.6762616787178883,0.9533565044403076,0.21717267500413512,141.63275599479675,15.0,868.0,3.0
3,28,1079,fixed_e2e,t:3|h:5|h:4,2,1,0,3,3,0.4729408025741577,0.7183007619322408,0.5568861961364746,0.6930172443389893,0.6828809002723115,0.9859830141067505,0.1190521427590746,208.7978081703186,15.0,5599.0,0.0
3,28,1079,param_vqc,t:3|h:5|h:4,2,1,0,3,3,0.4426804780960083,0.7386330871242598,0.5816176533699036,0.6713515520095825,0.6624746806817869,0.9348316192626953,0.256701256428212,143.5473108291626,15.0,868.0,3.0
3,29,1080,fixed_e2e,"cx:4,2|h:3|h:2",2,0,1,3,2,0.46862173080444336,0.721237893953323,0.5633631348609924,0.6848528385162354,0.672816443260758,0.984296441078186,0.12601106008691407,220.41972589492798,15.0,5599.0,0.0
3,29,1080,param_vqc,"cx:4,2|h:3|h:2",2,0,1,3,2,0.4776599407196045,0.7150778465307963,0.5586063265800476,0.6932076215744019,0.6807063424974894,0.9502933025360107,0.22419042076024648,148.1332869529724,15.0,867.0,2.0
10,0,1170,fixed_e2e,"h:1|h:0|t:5|t:3|h:4|t:3|t:3|cx:5,4|cx:5,3|t:1",3,5,2,10,8,0.47095930576324463,0.7196497468574613,0.5637492537498474,0.6902462840080261,0.6798245657848894,0.9836199879646301,0.1286965818025881,256.38703513145447,15.0,5599.0,0.0
10,0,1170,param_vqc,"h:1|h:0|t:5|t:3|h:4|t:3|t:3|cx:5,4|cx:5,3|t:1",3,5,2,10,8,0.4583946466445923,0.7281453927913112,0.5657819509506226,0.6807166337966919,0.6651536221790705,0.9741535782814026,0.16166272160318682,205.36290907859802,15.0,873.0,8.0
10,1,1171,fixed_e2e,"cx:3,1|cx:4,0|cx:1,3|h:4|h:3|t:2|cx:0,1|cx:4,2|h:3|h:0",4,1,5,10,5,0.45938408374786377,0.7274799911788727,0.5674323439598083,0.6827532649040222,0.6726870110827187,0.9817819595336914,0.13572528102618706,257.08237314224243,15.0,5599.0,0.0
10,1,1171,param_vqc,"cx:3,1|cx:4,0|cx:1,3|h:4|h:3|t:2|cx:0,1|cx:4,2|h:3|h:0",4,1,5,10,5,0.46448814868927,0.7240377057884356,0.5681796669960022,0.6840434074401855,0.6695803425178187,0.9561251401901245,0.21062861892239992,198.452956199646,15.0,870.0,5.0
10,2,1172,fixed_e2e,"t:4|t:4|h:0|cx:1,4|cx:1,4|cx:5,1|cx:5,0|h:3|t:4|t:0",2,4,4,10,6,0.467942476272583,0.7216987246014358,0.5636081099510193,0.6855946779251099,0.674490338740086,0.9854583144187927,0.12125989452649215,252.21770524978638,15.0,5599.0,0.0
10,2,1172,param_vqc,"t:4|t:4|h:0|cx:1,4|cx:1,4|cx:5,1|cx:5,0|h:3|t:4|t:0",2,4,4,10,6,0.4652405381202698,0.7235288970095748,0.5662802457809448,0.6843581795692444,0.6765054321842133,0.9470124840736389,0.23147091140500153,182.21659302711487,15.0,871.0,6.0
10,3,1173,fixed_e2e,"t:1|cx:5,1|t:0|t:2|h:2|h:1|cx:4,5|t:0|cx:0,2|cx:2,1",2,4,4,10,6,0.477954626083374,0.7148760595472221,0.5600296258926392,0.6918295621871948,0.679922176206859,0.9844235181808472,0.12550006618156057,242.50664925575256,15.0,5599.0,0.0
10,3,1173,param_vqc,"t:1|cx:5,1|t:0|t:2|h:2|h:1|cx:4,5|t:0|cx:0,2|cx:2,1",2,4,4,10,6,0.45683228969573975,0.7291948767155111,0.5707688331604004,0.6799258589744568,0.66806453657451,0.9642135500907898,0.19022559942726827,189.16320204734802,15.0,871.0,6.0
10,4,1174,fixed_e2e,"h:2|cx:4,2|h:1|t:0|t:3|t:2|t:4|cx:1,0|h:2|t:2",3,5,2,10,8,0.465964674949646,0.723038855641644,0.5673993825912476,0.6864342093467712,0.6726099159157791,0.9855948090553284,0.12068940149455881,267.210342168808,15.0,5599.0,0.0
10,4,1174,param_vqc,"h:2|cx:4,2|h:1|t:0|t:3|t:2|t:4|cx:1,0|h:2|t:2",3,5,2,10,8,0.4542995095252991,0.7308930169604277,0.5688233971595764,0.6775021553039551,0.670296444620327,0.9352619051933289,0.2558524880683561,208.7216169834137,15.0,873.0,8.0
10,5,1175,fixed_e2e,t:5|t:3|h:1|h:1|t:2|h:5|h:2|t:2|t:5|h:2,5,5,0,10,10,0.47259199619293213,0.7185384190162388,0.5611404776573181,0.6909715533256531,0.6781154471178374,0.9878484010696411,0.11084757790490635,242.9194929599762,15.0,5599.0,0.0
10,5,1175,param_vqc,t:5|t:3|h:1|h:1|t:2|h:5|h:2|t:2|t:5|h:2,5,5,0,10,10,0.4549046754837036,0.7304875988491856,0.5724430084228516,0.6807656288146973,0.6675997019023298,0.9551317095756531,0.2129998495606218,205.74136996269226,15.0,875.0,10.0
10,6,1176,fixed_e2e,"cx:1,5|h:1|cx:1,2|t:3|cx:4,5|t:0|cx:1,5|t:3|t:1|cx:4,3",1,4,5,10,5,0.4866445064544678,0.70890122443594,0.5532456040382385,0.6991549730300903,0.686293745092817,0.9864038228988647,0.11725147011303966,241.8387291431427,15.0,5599.0,0.0
10,6,1176,param_vqc,"cx:1,5|h:1|cx:1,2|t:3|cx:4,5|t:0|cx:1,5|t:3|t:1|cx:4,3",1,4,5,10,5,0.4442986249923706,0.7375600208492619,0.5746530294418335,0.6709068417549133,0.6586480226639169,0.9510530829429626,0.2224703648606784,167.12740898132324,15.0,870.0,5.0
10,7,1177,fixed_e2e,"t:4|cx:0,1|cx:3,1|t:5|h:1|t:0|h:4|h:5|cx:5,0|t:1",3,4,3,10,7,0.47026264667510986,0.7201234300434391,0.562147319316864,0.686905562877655,0.6786917823788826,0.9840061664581299,0.1271703475614824,235.7844431400299,15.0,5599.0,0.0
10,7,1177,param_vqc,"t:4|cx:0,1|cx:3,1|t:5|h:1|t:0|h:4|h:5|cx:5,0|t:1",3,4,3,10,7,0.4626117944717407,0.7253050639154703,0.5643419027328491,0.6851385831832886,0.6760242066410297,0.9584161639213562,0.20505574422146827,185.062992811203,15.0,872.0,7.0
10,8,1178,fixed_e2e,"t:2|cx:2,3|cx:1,3|t:1|cx:0,2|h:3|h:4|cx:3,0|cx:2,5|cx:2,5",2,2,6,10,4,0.4639531373977661,0.7243992585669714,0.5677438378334045,0.6871609687805176,0.6751786842121603,0.983557939529419,0.1289400432102867,237.25625705718994,15.0,5599.0,0.0
10,8,1178,param_vqc,"t:2|cx:2,3|cx:1,3|t:1|cx:0,2|h:3|h:4|cx:3,0|cx:2,5|cx:2,5",2,2,6,10,4,0.45634305477142334,0.7295231946613622,0.5726196765899658,0.6784811019897461,0.6725535967407912,0.9143285751342773,0.2943253072883339,169.66360306739807,15.0,869.0,4.0
10,9,1179,fixed_e2e,"t:0|cx:4,5|h:4|t:3|t:2|t:0|cx:0,1|cx:5,3|h:2|cx:1,2",2,4,4,10,6,0.474955677986145,0.7169264590510874,0.5610051155090332,0.6919543743133545,0.6823612989949926,0.9840824604034424,0.12686670002543274,239.59483075141907,15.0,5599.0,0.0
10,9,1179,param_vqc,"t:0|cx:4,5|h:4|t:3|t:2|t:0|cx:0,1|cx:5,3|h:2|cx:1,2",2,4,4,10,6,0.47394031286239624,0.7176193798584662,0.566547691822052,0.6900169849395752,0.6831649138896118,0.9044826626777649,0.3107783096964559,181.5954110622406,15.0,871.0,6.0
10,10,1180,fixed_e2e,"t:3|t:2|t:5|h:4|h:5|t:4|t:4|t:0|h:3|cx:2,5",3,6,1,10,9,0.47112494707107544,0.7195370552748304,0.5620698928833008,0.691494345664978,0.6829997014949712,0.9782499074935913,0.148299717953961,236.66485285758972,15.0,5599.0,0.0
10,10,1180,param_vqc,"t:3|t:2|t:5|h:4|h:5|t:4|t:4|t:0|h:3|cx:2,5",3,6,1,10,9,0.46284592151641846,0.7251470581077076,0.5647884607315063,0.6855882406234741,0.6726854585128694,0.9626986980438232,0.19421002128241016,189.49145102500916,15.0,874.0,9.0
10,11,1181,fixed_e2e,"t:2|cx:5,2|t:4|t:5|cx:0,2|cx:2,4|h:1|h:0|cx:1,3|cx:2,1",2,3,5,10,5,0.46364378929138184,0.7246082645212388,0.5669920444488525,0.6864264011383057,0.6762763747989037,0.983187198638916,0.13038568022204747,237.53517985343933,15.0,5599.0,0.0
10,11,1181,param_vqc,"t:2|cx:5,2|t:4|t:5|cx:0,2|cx:2,4|h:1|h:0|cx:1,3|cx:2,1",2,3,5,10,5,0.4519041180610657,0.7324953983279517,0.5695217847824097,0.6764634847640991,0.6669825257580757,0.9438173770904541,0.23834746644546292,171.29667782783508,15.0,870.0,5.0
10,12,1182,fixed_e2e,"cx:1,5|h:0|cx:4,5|t:4|h:4|h:5|h:0|cx:0,5|t:4|h:1",5,2,3,10,7,0.4751822352409363,0.7167717620026066,0.5595136284828186,0.691129207611084,0.6826094138789092,0.9842363595962524,0.1262518145293908,235.3622760772705,15.0,5599.0,0.0
10,12,1182,param_vqc,"cx:1,5|h:0|cx:4,5|t:4|h:4|h:5|h:0|cx:0,5|t:4|h:1",5,2,3,10,7,0.4622976779937744,0.725517012966492,0.5680637955665588,0.6849544048309326,0.675719618510308,0.9423312544822693,0.24147922252439036,187.95689296722412,15.0,872.0,7.0
10,13,1183,fixed_e2e,"t:0|cx:3,2|cx:4,0|cx:0,1|cx:5,2|t:0|t:3|h:3|t:2|h:1",2,4,4,10,6,0.4869345426559448,0.7087009588562088,0.5510836243629456,0.6992746591567993,0.6891944551932935,0.9842003583908081,0.1263958584483264,236.25702929496765,15.0,5599.0,0.0
10,13,1183,param_vqc,"t:0|cx:3,2|cx:4,0|cx:0,1|cx:5,2|t:0|t:3|h:3|t:2|h:1",2,4,4,10,6,0.47524696588516235,0.7167275626532895,0.5618293285369873,0.6914069056510925,0.6806018818054979,0.9408632516860962,0.24453351260469955,178.17748713493347,15.0,871.0,6.0
10,14,1184,fixed_e2e,"t:2|h:2|t:0|h:5|cx:3,0|h:1|t:5|t:3|h:5|t:4",4,5,1,10,9,0.4579300880432129,0.7284576147469729,0.5697078704833984,0.6814470291137695,0.6703077985280793,0.9831339716911316,0.13059176653085777,234.87827730178833,15.0,5599.0,0.0
10,14,1184,param_vqc,"t:2|h:2|t:0|h:5|cx:3,0|h:1|t:5|t:3|h:5|t:4",4,5,1,10,9,0.4542989730834961,0.7308933839373012,0.5675608515739441,0.6808908581733704,0.669362473116766,0.9558398723602295,0.21131234065988846,194.42098593711853,15.0,874.0,9.0
10,15,1185,fixed_e2e,"h:0|cx:4,5|h:1|h:1|cx:5,2|cx:3,0|h:5|cx:3,1|cx:3,2|cx:0,4",4,0,6,10,4,0.469190776348114,0.7208516037744205,0.5621450543403625,0.6883630752563477,0.678564175359292,0.984798789024353,0.12397908371329264,240.256609916687,15.0,5599.0,0.0
10,15,1185,param_vqc,"h:0|cx:4,5|h:1|h:1|cx:5,2|cx:3,0|h:5|cx:3,1|cx:3,2|cx:0,4",4,0,6,10,4,0.46005553007125854,0.7270280720460729,0.5719292163848877,0.6800512075424194,0.6668910308020769,0.9534815549850464,0.21688129740210174,172.43987703323364,15.0,869.0,4.0
10,16,1186,fixed_e2e,"h:5|h:0|t:1|t:1|cx:5,4|h:3|t:5|t:2|h:0|cx:2,0",4,4,2,10,8,0.4785824418067932,0.7144460770565434,0.5609943866729736,0.6930834054946899,0.6820282786881776,0.9858911037445068,0.11944182422940448,236.44752502441406,15.0,5599.0,0.0
10,16,1186,param_vqc,"h:5|h:0|t:1|t:1|cx:5,4|h:3|t:5|t:2|h:0|cx:2,0",4,4,2,10,8,0.45538198947906494,0.7301677144752803,0.5702311992645264,0.6769572496414185,0.6684617100156286,0.9444260001182556,0.23705292521520288,190.73819589614868,15.0,873.0,8.0
10,17,1187,fixed_e2e,"cx:1,5|t:2|h:4|t:2|t:3|cx:0,5|cx:2,1|t:5|cx:3,1|h:1",2,4,4,10,6,0.46940338611602783,0.7207072188098288,0.5610294938087463,0.6867810487747192,0.6748510919739783,0.9862548112869263,0.11789209420544434,238.60427713394165,15.0,5599.0,0.0
10,17,1187,param_vqc,"cx:1,5|t:2|h:4|t:2|t:3|cx:0,5|cx:2,1|t:5|cx:3,1|h:1",2,4,4,10,6,0.45922762155532837,0.7275852265529041,0.5670905709266663,0.6805435419082642,0.667019206702223,0.9636037349700928,0.19183954513969934,178.98487401008606,15.0,871.0,6.0
10,18,1188,fixed_e2e,"t:0|t:3|h:4|t:5|t:5|h:1|t:3|cx:0,2|cx:1,5|h:5",3,5,2,10,8,0.4775894284248352,0.7151260652312473,0.5589826107025146,0.6945360898971558,0.6818359022470153,0.9853162169456482,0.12185087698838837,235.88237118721008,15.0,5599.0,0.0
10,18,1188,param_vqc,"t:0|t:3|h:4|t:5|t:5|h:1|t:3|cx:0,2|cx:1,5|h:5",3,5,2,10,8,0.46678006649017334,0.7224866513401795,0.5687048435211182,0.6851400136947632,0.6705730864937628,0.9616228938102722,0.19699066185724484,188.2105040550232,15.0,873.0,8.0
10,19,1189,fixed_e2e,"t:4|t:5|cx:4,2|t:1|cx:1,2|t:1|cx:2,3|h:2|cx:4,2|t:4",1,5,4,10,6,0.4847675561904907,0.7101960140632063,0.5524439215660095,0.6968808770179749,0.6875848195133729,0.9848084449768066,0.12393966609044976,237.58934712409973,15.0,5599.0,0.0
10,19,1189,param_vqc,"t:4|t:5|cx:4,2|t:1|cx:1,2|t:1|cx:2,3|h:2|cx:4,2|t:4",1,5,4,10,6,0.4633321166038513,0.7248188137691596,0.5627368092536926,0.683661162853241,0.6753689154995617,0.9459447264671326,0.23379141153862026,176.06144309043884,15.0,871.0,6.0
10,20,1190,fixed_e2e,"t:4|t:0|cx:2,4|t:4|cx:3,1|cx:0,1|cx:3,5|cx:3,5|cx:2,4|h:5",1,3,6,10,4,0.4745936989784241,0.717173547546701,0.5589460730552673,0.6908342242240906,0.6777040872178679,0.9838941097259521,0.12761506857979685,240.23817896842957,15.0,5599.0,0.0
10,20,1190,param_vqc,"t:4|t:0|cx:2,4|t:4|cx:3,1|cx:0,1|cx:3,5|cx:3,5|cx:2,4|h:5",1,3,6,10,4,0.46661609411239624,0.7225977281123476,0.5630835890769958,0.6862711310386658,0.6743048481239798,0.9658650159835815,0.18578441873836624,165.83780694007874,15.0,869.0,4.0
10,21,1191,fixed_e2e,"t:2|t:4|cx:0,5|h:3|t:5|h:4|t:1|cx:4,3|h:4|t:0",3,5,2,10,8,0.4855753779411316,0.70963906570103,0.551517128944397,0.6982173919677734,0.6912211869854509,0.9880542755126953,0.10990451886519582,235.2008318901062,15.0,5599.0,0.0
10,21,1191,param_vqc,"t:2|t:4|cx:0,5|h:3|t:5|h:4|t:1|cx:4,3|h:4|t:0",3,5,2,10,8,0.4643152356147766,0.7241545944027031,0.568785548210144,0.6853067278862,0.6758435515096448,0.9452657699584961,0.23525511478859487,187.95912218093872,15.0,873.0,8.0
10,22,1192,fixed_e2e,"cx:2,1|h:5|t:4|cx:5,4|h:3|cx:5,1|h:4|h:0|h:2|h:2",6,1,3,10,7,0.4829781651496887,0.711428210922627,0.5531183481216431,0.6967631578445435,0.6857145654289947,0.9813629984855652,0.13727698799610188,235.48056507110596,15.0,5599.0,0.0
10,22,1192,param_vqc,"cx:2,1|h:5|t:4|cx:5,4|h:3|cx:5,1|h:4|h:0|h:2|h:2",6,1,3,10,7,0.44860905408859253,0.7346939449441375,0.5799999237060547,0.6717746257781982,0.6692774017703723,0.9103882312774658,0.3010177301946587,190.32185673713684,15.0,872.0,7.0
10,23,1193,fixed_e2e,"h:4|cx:3,4|t:4|t:3|cx:3,1|h:4|t:5|h:1|t:4|h:0",4,4,2,10,8,0.475715696811676,0.7164073998162247,0.5610252618789673,0.6932245492935181,0.6826109901521149,0.9877297878265381,0.11138728728091588,234.78875637054443,15.0,5599.0,0.0
10,23,1193,param_vqc,"h:4|cx:3,4|t:4|t:3|cx:3,1|h:4|t:5|h:1|t:4|h:0",4,4,2,10,8,0.45419633388519287,0.7309620869168014,0.5710715055465698,0.677853524684906,0.6671071105997157,0.9539385437965393,0.21581334754441578,189.55629086494446,15.0,873.0,8.0
10,24,1194,fixed_e2e,"t:4|h:1|cx:1,2|h:2|cx:5,2|h:1|h:4|cx:3,0|h:3|t:5",5,2,3,10,7,0.4713447093963623,0.7193875594911131,0.5627872347831726,0.6923614144325256,0.6811460634634828,0.9861963987350464,0.11814234668025592,236.48554396629333,15.0,5599.0,0.0
10,24,1194,param_vqc,"t:4|h:1|cx:1,2|h:2|cx:5,2|h:1|h:4|cx:3,0|h:3|t:5",5,2,3,10,7,0.4712405204772949,0.7194584796236926,0.5623421669006348,0.6894324421882629,0.6819537434837375,0.9404223561286926,0.2454433171326282,187.9674870967865,15.0,872.0,7.0
10,25,1195,fixed_e2e,"h:2|h:0|h:3|cx:3,5|h:1|cx:4,5|t:4|h:1|h:4|cx:5,2",6,1,3,10,7,0.4595038890838623,0.7273993646028947,0.5666617155075073,0.6847571134567261,0.673427100981981,0.985503613948822,0.12107072119007842,235.93129301071167,15.0,5599.0,0.0
10,25,1195,param_vqc,"h:2|h:0|h:3|cx:3,5|h:1|cx:4,5|t:4|h:1|h:4|cx:5,2",6,1,3,10,7,0.464344322681427,0.724134922217083,0.5664076209068298,0.687049150466919,0.6756168644599829,0.939754068851471,0.24681609724634776,190.0134859085083,15.0,872.0,7.0
10,26,1196,fixed_e2e,"h:3|t:5|t:0|t:5|t:2|h:4|h:0|h:1|h:2|cx:3,2",5,4,1,10,9,0.474442720413208,0.7172765971504739,0.5602947473526001,0.693400502204895,0.6807382116602718,0.9852553009986877,0.12210338907341893,232.9461498260498,15.0,5599.0,0.0
10,26,1196,param_vqc,"h:3|t:5|t:0|t:5|t:2|h:4|h:0|h:1|h:2|cx:3,2",5,4,1,10,9,0.4513387084007263,0.7328731113248794,0.5704172849655151,0.6774051785469055,0.6683211491117236,0.9504425525665283,0.2238535478810284,195.0277178287506,15.0,874.0,9.0
10,27,1197,fixed_e2e,"cx:1,4|t:1|t:1|t:2|t:5|t:0|t:0|h:3|t:4|h:2",2,7,1,10,9,0.4621230959892273,0.7256347721963108,0.565992534160614,0.683013916015625,0.6738455126305023,0.983590304851532,0.1288130018334606,233.4070520401001,15.0,5599.0,0.0
10,27,1197,param_vqc,"cx:1,4|t:1|t:1|t:2|t:5|t:0|t:0|h:3|t:4|h:2",2,7,1,10,9,0.46862852573394775,0.7212332659784975,0.5647273659706116,0.6866433620452881,0.6766728726943626,0.9439160823822021,0.23813803073943454,188.1281132698059,15.0,874.0,9.0
10,28,1198,fixed_e2e,"h:3|cx:4,3|h:3|t:0|h:4|t:2|t:2|h:5|cx:1,0|t:1",4,4,2,10,8,0.4835442304611206,0.7110386451621973,0.5562557578086853,0.6977952718734741,0.6884333048618019,0.9776666760444641,0.15027476467560916,234.13515186309814,15.0,5599.0,0.0
10,28,1198,param_vqc,"h:3|cx:4,3|h:3|t:0|h:4|t:2|t:2|h:5|cx:1,0|t:1",4,4,2,10,8,0.45491546392440796,0.7304804183925592,0.5708643198013306,0.6794145107269287,0.6680371473461016,0.9595627188682556,0.20220899365958775,189.60504126548767,15.0,873.0,8.0
10,29,1199,fixed_e2e,"cx:0,4|cx:3,0|t:1|cx:4,5|h:5|cx:5,0|h:4|t:0|t:2|cx:5,4",2,3,5,10,5,0.47249728441238403,0.7186029532569612,0.5631542205810547,0.6890692710876465,0.6775820386353709,0.9833900332450867,0.1295967609022635,237.40950393676758,15.0,5599.0,0.0
10,29,1199,param_vqc,"cx:0,4|cx:3,0|t:1|cx:4,5|h:5|cx:5,0|h:4|t:0|t:2|cx:5,4",2,3,5,10,5,0.4722668528556824,0.7187598683882236,0.5627568960189819,0.689181387424469,0.6782948341196507,0.9476234912872314,0.2301324718646481,172.469868183136,15.0,870.0,5.0
30,0,1510,fixed_e2e,"t:3|t:2|h:3|t:0|t:4|t:1|h:3|t:3|t:3|h:4|h:4|cx:5,2|cx:0,1|t:0|cx:2,3|t:5|t:3|cx:5,0|h:3|t:3|cx:1,3|t:5|t:1|cx:3,4|cx:1,4|t:1|h:5|t:2|t:2|h:3",7,16,7,30,23,0.4693692922592163,0.720730375276131,0.563985288143158,0.6866788268089294,0.6750824011781532,0.9829086065292358,0.13146152311355483,323.4175319671631,15.0,5599.0,0.0
30,0,1510,param_vqc,"t:3|t:2|h:3|t:0|t:4|t:1|h:3|t:3|t:3|h:4|h:4|cx:5,2|cx:0,1|t:0|cx:2,3|t:5|t:3|cx:5,0|h:3|t:3|cx:1,3|t:5|t:1|cx:3,4|cx:1,4|t:1|h:5|t:2|t:2|h:3",7,16,7,30,23,0.45033907890319824,0.733540446301996,0.575401782989502,0.6732338666915894,0.6770261001125737,0.8953437805175781,0.3253060458786214,335.14998292922974,15.0,888.0,23.0
30,1,1511,fixed_e2e,"h:3|cx:4,0|h:4|h:3|cx:2,0|t:2|t:2|cx:2,1|t:2|h:4|cx:0,5|h:1|h:5|t:2|h:5|t:5|h:5|cx:3,5|cx:2,3|cx:3,1|t:4|h:0|h:5|t:4|t:4|h:5|h:4|h:3|t:4|cx:4,3",13,9,8,30,22,0.4697611927986145,0.7204641550745279,0.5614705681800842,0.6900001764297485,0.6773800860381921,0.9782792925834656,0.14819951806633566,308.7040379047394,15.0,5599.0,0.0
30,1,1511,param_vqc,"h:3|cx:4,0|h:4|h:3|cx:2,0|t:2|t:2|cx:2,1|t:2|h:4|cx:0,5|h:1|h:5|t:2|h:5|t:5|h:5|cx:3,5|cx:2,3|cx:3,1|t:4|h:0|h:5|t:4|t:4|h:5|h:4|h:3|t:4|cx:4,3",13,9,8,30,22,0.47399044036865234,0.717585158793822,0.5609837770462036,0.6901646852493286,0.6754641911409185,0.9401854872703552,0.24593081454311413,345.06140303611755,15.0,887.0,22.0
30,2,1512,fixed_e2e,"t:1|h:3|h:2|h:4|t:2|t:5|t:1|t:1|cx:4,3|cx:3,2|h:1|t:2|h:0|t:4|h:0|t:0|cx:5,1|cx:3,0|cx:5,2|cx:4,3|h:0|cx:3,4|h:2|h:4|t:3|h:5|t:2|h:2|cx:5,1|t:0",11,11,8,30,22,0.4754888415336609,0.7165623834795385,0.5562027096748352,0.6903982758522034,0.6792813915195545,0.9813817143440247,0.13720790007509617,309.13169717788696,15.0,5599.0,0.0
30,2,1512,param_vqc,"t:1|h:3|h:2|h:4|t:2|t:5|t:1|t:1|cx:4,3|cx:3,2|h:1|t:2|h:0|t:4|h:0|t:0|cx:5,1|cx:3,0|cx:5,2|cx:4,3|h:0|cx:3,4|h:2|h:4|t:3|h:5|t:2|h:2|cx:5,1|t:0",11,11,8,30,22,0.43765127658843994,0.7419583016912182,0.582974910736084,0.66933274269104,0.658907218866986,0.9605934619903564,0.19961531755294806,340.03459310531616,15.0,887.0,22.0
30,3,1513,fixed_e2e,"t:2|cx:1,2|h:4|cx:3,4|cx:5,4|h:3|t:2|t:1|h:2|cx:4,3|t:1|t:3|t:4|cx:3,2|cx:1,2|h:2|t:2|h:1|t:4|t:3|h:3|t:3|h:1|h:3|h:1|cx:4,0|cx:0,5|cx:4,2|cx:3,2|h:5",10,10,10,30,20,0.4634624123573303,0.7247307770815777,0.5666089057922363,0.6826359033584595,0.6690838164580295,0.9839051365852356,0.12757138314452857,310.56043791770935,15.0,5599.0,0.0
30,3,1513,param_vqc,"t:2|cx:1,2|h:4|cx:3,4|cx:5,4|h:3|t:2|t:1|h:2|cx:4,3|t:1|t:3|t:4|cx:3,2|cx:1,2|h:2|t:2|h:1|t:4|t:3|h:3|t:3|h:1|h:3|h:1|cx:4,0|cx:0,5|cx:4,2|cx:3,2|h:5",10,10,10,30,20,0.44957536458969116,0.7340498671209941,0.5763203501701355,0.6733824014663696,0.670910835620195,0.9170597195625305,0.2895958979485703,329.73508310317993,15.0,885.0,20.0
30,4,1514,fixed_e2e,"h:4|t:3|t:1|cx:4,3|cx:2,4|t:3|t:1|h:4|cx:0,3|h:1|cx:2,5|h:4|t:3|t:0|cx:5,0|t:4|cx:0,4|cx:5,0|cx:0,4|t:4|cx:5,1|h:1|h:0|h:2|h:0|cx:4,3|cx:1,0|t:5|h:3|t:5",9,10,11,30,19,0.4690425992012024,0.7209521847979189,0.5595301985740662,0.6880432367324829,0.6767975642011066,0.9892070889472961,0.10446686304118732,312.39115500450134,15.0,5599.0,0.0
30,4,1514,param_vqc,"h:4|t:3|t:1|cx:4,3|cx:2,4|t:3|t:1|h:4|cx:0,3|h:1|cx:2,5|h:4|t:3|t:0|cx:5,0|t:4|cx:0,4|cx:5,0|cx:0,4|t:4|cx:5,1|h:1|h:0|h:2|h:0|cx:4,3|cx:1,0|t:5|h:3|t:5",9,10,11,30,19,0.46003514528274536,0.7270418042306986,0.5678649544715881,0.6807199120521545,0.6695136294210159,0.9530227780342102,0.2179481250480136,323.5354428291321,15.0,884.0,19.0
30,5,1515,fixed_e2e,"cx:5,2|h:4|cx:4,2|cx:5,0|cx:4,3|cx:3,2|t:4|cx:5,0|t:3|h:5|cx:1,3|t:5|h:3|cx:0,4|h:2|h:2|t:3|t:0|h:4|h:0|h:4|cx:1,0|h:0|h:3|cx:3,1|cx:4,5|t:4|h:5|t:4|h:2",12,7,11,30,19,0.47186487913131714,0.719033558514666,0.5606737732887268,0.6881228089332581,0.6767961894064309,0.9824160933494568,0.13334210771756685,312.25974702835083,15.0,5599.0,0.0
30,5,1515,param_vqc,"cx:5,2|h:4|cx:4,2|cx:5,0|cx:4,3|cx:3,2|t:4|cx:5,0|t:3|h:5|cx:1,3|t:5|h:3|cx:0,4|h:2|h:2|t:3|t:0|h:4|h:0|h:4|cx:1,0|h:0|h:3|cx:3,1|cx:4,5|t:4|h:5|t:4|h:2",12,7,11,30,19,0.4607929587364197,0.7265314485210912,0.5683005452156067,0.6825140714645386,0.667392475308335,0.9645044207572937,0.1894509718467822,330.439288854599,15.0,884.0,19.0
30,6,1516,fixed_e2e,"h:1|h:3|cx:5,0|t:1|t:0|h:4|h:0|cx:4,2|t:2|t:5|t:0|t:3|h:2|t:0|t:4|cx:1,5|h:4|cx:2,0|t:0|t:1|t:3|h:2|h:5|h:3|t:4|cx:0,2|t:3|h:0|cx:1,3|t:5",10,14,6,30,24,0.46412819623947144,0.7242810104257141,0.5644043684005737,0.6841148138046265,0.674005569545109,0.9851663708686829,0.1224710980448444,317.1252610683441,15.0,5599.0,0.0
30,6,1516,param_vqc,"h:1|h:3|cx:5,0|t:1|t:0|h:4|h:0|cx:4,2|t:2|t:5|t:0|t:3|h:2|t:0|t:4|cx:1,5|h:4|cx:2,0|t:0|t:1|t:3|h:2|h:5|h:3|t:4|cx:0,2|t:3|h:0|cx:1,3|t:5",10,14,6,30,24,0.4582556486129761,0.7282388278904354,0.5706179738044739,0.680768609046936,0.6698624954216355,0.9622891545295715,0.1952732046652083,347.3993430137634,15.0,889.0,24.0
30,7,1517,fixed_e2e,"t:0|h:1|t:1|t:2|h:3|cx:4,0|cx:1,3|t:0|h:5|cx:5,0|t:0|t:0|h:4|h:0|t:2|h:4|cx:5,3|cx:3,4|t:2|t:5|h:5|t:3|h:5|t:2|t:1|t:0|cx:4,1|t:4|h:1|cx:5,1",9,14,7,30,23,0.4796839952468872,0.7136909904070584,0.5532910227775574,0.6942099928855896,0.6821914762975175,0.9802708625793457,0.1412418400255739,307.3669419288635,15.0,5599.0,0.0
30,7,1517,param_vqc,"t:0|h:1|t:1|t:2|h:3|cx:4,0|cx:1,3|t:0|h:5|cx:5,0|t:0|t:0|h:4|h:0|t:2|h:4|cx:5,3|cx:3,4|t:2|t:5|h:5|t:3|h:5|t:2|t:1|t:0|cx:4,1|t:4|h:1|cx:5,1",9,14,7,30,23,0.46495693922042847,0.7237207356731293,0.5716930627822876,0.6826660633087158,0.6828350816842428,0.8967552185058594,0.3231049445106004,339.01767921447754,15.0,888.0,23.0
30,8,1518,fixed_e2e,"h:5|h:0|cx:1,4|t:4|cx:2,1|h:3|h:0|cx:0,1|t:3|h:1|h:3|cx:1,0|t:0|h:3|cx:3,0|t:0|t:5|cx:1,2|h:2|cx:4,2|t:0|h:1|h:5|cx:5,1|cx:1,2|cx:4,3|cx:4,0|h:3|cx:5,3|t:3",11,7,12,30,18,0.4680808186531067,0.7216048556750188,0.5633504390716553,0.6896629929542542,0.679251063074943,0.9851486682891846,0.12254402940392094,313.92108607292175,15.0,5599.0,0.0
30,8,1518,param_vqc,"h:5|h:0|cx:1,4|t:4|cx:2,1|h:3|h:0|cx:0,1|t:3|h:1|h:3|cx:1,0|t:0|h:3|cx:3,0|t:0|t:5|cx:1,2|h:2|cx:4,2|t:0|h:1|h:5|cx:5,1|cx:1,2|cx:4,3|cx:4,0|h:3|cx:5,3|t:3",11,7,12,30,18,0.4477221965789795,0.7352845261453099,0.5763031840324402,0.6721419095993042,0.6617633429539306,0.9502085447311401,0.22438148049530018,322.5672969818115,15.0,883.0,18.0
30,9,1519,fixed_e2e,"h:4|t:3|h:0|cx:1,2|cx:4,1|t:4|h:5|cx:0,1|t:2|cx:4,1|h:2|h:3|cx:2,3|t:5|cx:4,2|cx:4,3|cx:3,4|cx:3,4|t:4|h:4|t:3|t:5|cx:2,1|h:2|h:4|cx:0,4|h:2|h:4|t:5|h:0",11,8,11,30,19,0.47133952379226685,0.7193910808075019,0.5647391080856323,0.6899963021278381,0.678366501217957,0.9874635338783264,0.11258943367253971,312.0595920085907,15.0,5599.0,0.0
30,9,1519,param_vqc,"h:4|t:3|h:0|cx:1,2|cx:4,1|t:4|h:5|cx:0,1|t:2|cx:4,1|h:2|h:3|cx:2,3|t:5|cx:4,2|cx:4,3|cx:3,4|cx:3,4|t:4|h:4|t:3|t:5|cx:2,1|h:2|h:4|cx:0,4|h:2|h:4|t:5|h:0",11,8,11,30,19,0.46790534257888794,0.7217239139204493,0.5651367902755737,0.6885132789611816,0.6779431355679323,0.9683065414428711,0.1790170913393841,327.145005941391,15.0,884.0,19.0
30,10,1520,fixed_e2e,"t:1|h:4|t:2|cx:5,0|h:0|cx:3,5|t:4|t:0|t:1|t:3|cx:4,1|h:5|cx:0,4|cx:2,0|h:3|t:0|h:0|cx:0,1|h:1|t:5|t:4|h:0|t:4|t:4|cx:4,0|cx:4,3|cx:1,0|t:1|h:0|t:3",8,13,9,30,21,0.4648500680923462,0.7237929605834749,0.5659340023994446,0.6840586066246033,0.6720909901841197,0.9827386736869812,0.1321133344317485,309.6550281047821,15.0,5599.0,0.0
30,10,1520,param_vqc,"t:1|h:4|t:2|cx:5,0|h:0|cx:3,5|t:4|t:0|t:1|t:3|cx:4,1|h:5|cx:0,4|cx:2,0|h:3|t:0|h:0|cx:0,1|h:1|t:5|t:4|h:0|t:4|t:4|cx:4,0|cx:4,3|cx:1,0|t:1|h:0|t:3",8,13,9,30,21,0.4719468951225281,0.7189777262292284,0.5621083378791809,0.6920192241668701,0.6817173854646332,0.9631584882736206,0.1930093583533603,328.9701421260834,15.0,886.0,21.0
30,11,1521,fixed_e2e,"h:2|t:1|t:3|h:1|cx:0,2|cx:4,3|h:1|t:4|h:0|t:2|cx:0,5|h:5|h:4|t:0|t:5|cx:4,5|h:5|cx:3,5|t:5|t:0|h:1|t:5|h:3|cx:5,4|t:2|cx:5,1|cx:2,3|t:3|cx:5,4|h:5",10,11,9,30,21,0.468594491481781,0.7212563642356575,0.5656923651695251,0.6871494650840759,0.6760461085424138,0.9833747744560242,0.12965629299831527,310.17205286026,15.0,5599.0,0.0
30,11,1521,param_vqc,"h:2|t:1|t:3|h:1|cx:0,2|cx:4,3|h:1|t:4|h:0|t:2|cx:0,5|h:5|h:4|t:0|t:5|cx:4,5|h:5|cx:3,5|t:5|t:0|h:1|t:5|h:3|cx:5,4|t:2|cx:5,1|cx:2,3|t:3|cx:5,4|h:5",10,11,9,30,21,0.4580327868461609,0.7283885937101933,0.5764046907424927,0.6779412031173706,0.663942736213474,0.9453142881393433,0.23515083332096615,333.69635701179504,15.0,886.0,21.0
30,12,1522,fixed_e2e,"t:4|h:3|cx:2,0|h:0|t:5|h:0|t:4|t:3|cx:4,5|cx:5,3|h:0|t:4|h:3|cx:3,5|h:0|cx:2,3|cx:3,5|t:1|t:5|t:0|h:0|t:5|cx:0,1|h:2|h:4|h:3|t:4|t:0|t:1|cx:4,0",10,12,8,30,22,0.46832913160324097,0.7214364143792373,0.5642274618148804,0.6861245036125183,0.6722868747220407,0.9864701628684998,0.11696497134119006,315.24505281448364,15.0,5599.0,0.0
30,12,1522,param_vqc,"t:4|h:3|cx:2,0|h:0|t:5|h:0|t:4|t:3|cx:4,5|cx:5,3|h:0|t:4|h:3|cx:3,5|h:0|cx:2,3|cx:3,5|t:1|t:5|t:0|h:0|t:5|cx:0,1|h:2|h:4|h:3|t:4|t:0|t:1|cx:4,0",10,12,8,30,22,0.4453426003456116,0.7368668829007344,0.5764651298522949,0.6721134185791016,0.6605902164352012,0.9542293548583984,0.21513104736499447,338.4767150878906,15.0,887.0,22.0
30,13,1523,fixed_e2e,"h:5|cx:5,0|h:0|h:2|cx:2,1|h:5|h:5|t:3|h:3|t:2|t:0|h:1|cx:3,0|cx:4,1|cx:4,1|h:4|h:5|h:0|cx:4,3|h:0|h:3|t:3|h:2|t:2|cx:2,1|h:0|h:2|cx:0,5|t:0|cx:1,5",15,6,9,30,21,0.4745650291442871,0.7171931197999667,0.5606118440628052,0.6927684545516968,0.6825911978494571,0.9864706993103027,0.11696265027684868,321.9526779651642,15.0,5599.0,0.0
30,13,1523,param_vqc,"h:5|cx:5,0|h:0|h:2|cx:2,1|h:5|h:5|t:3|h:3|t:2|t:0|h:1|cx:3,0|cx:4,1|cx:4,1|h:4|h:5|h:0|cx:4,3|h:0|h:3|t:3|h:2|t:2|cx:2,1|h:0|h:2|cx:0,5|t:0|cx:1,5",15,6,9,30,21,0.44452470541000366,0.7374100161468905,0.5748817920684814,0.6690409779548645,0.6656910720838162,0.9015878438949585,0.31545244495035685,343.0829334259033,15.0,886.0,21.0
30,14,1524,fixed_e2e,"h:1|cx:4,0|t:4|t:2|t:4|t:1|t:0|h:0|h:2|t:0|h:5|h:5|t:2|h:2|t:3|h:4|cx:5,3|cx:1,0|h:5|h:4|t:4|t:3|cx:0,4|h:2|cx:2,4|t:1|t:5|cx:4,1|h:3|cx:2,4",11,12,7,30,23,0.4816046357154846,0.7123725994716935,0.5572894215583801,0.6947858333587646,0.681693539888018,0.9813922047615051,0.13716925240075856,307.39136481285095,15.0,5599.0,0.0
30,14,1524,param_vqc,"h:1|cx:4,0|t:4|t:2|t:4|t:1|t:0|h:0|h:2|t:0|h:5|h:5|t:2|h:2|t:3|h:4|cx:5,3|cx:1,0|h:5|h:4|t:4|t:3|cx:0,4|h:2|cx:2,4|t:1|t:5|cx:4,1|h:3|cx:2,4",11,12,7,30,23,0.46167272329330444,0.7259385085376002,0.5660294890403748,0.6841620802879333,0.6715930774779767,0.9662249684333801,0.1848023081811566,342.448912858963,15.0,888.0,23.0
30,15,1525,fixed_e2e,"cx:4,5|cx:2,0|h:3|cx:0,3|t:4|t:0|h:5|cx:4,2|cx:1,0|t:4|h:2|t:4|cx:1,3|cx:4,2|cx:1,4|h:1|h:0|h:0|t:0|t:1|h:1|h:5|h:3|h:5|cx:5,0|cx:1,2|cx:5,2|t:0|t:4|h:1",11,8,11,30,19,0.4728037118911743,0.7183941914105876,0.5579091906547546,0.6912877559661865,0.681529346737706,0.9860806465148926,0.11863671109548457,312.75459814071655,15.0,5599.0,0.0
30,15,1525,param_vqc,"cx:4,5|cx:2,0|h:3|cx:0,3|t:4|t:0|h:5|cx:4,2|cx:1,0|t:4|h:2|t:4|cx:1,3|cx:4,2|cx:1,4|h:1|h:0|h:0|t:0|t:1|h:1|h:5|h:3|h:5|cx:5,0|cx:1,2|cx:5,2|t:0|t:4|h:1",11,8,11,30,19,0.4657687544822693,0.7231714422665074,0.5703163743019104,0.6825517416000366,0.6757834397976206,0.9056825041770935,0.3088202309365524,326.6007559299469,15.0,884.0,19.0
30,16,1526,fixed_e2e,"t:1|t:0|cx:2,0|cx:3,4|h:2|t:1|h:0|h:3|h:1|t:5|h:0|t:0|t:1|cx:4,5|cx:1,3|h:2|t:5|h:4|h:4|h:5|h:0|t:0|h:3|cx:0,5|h:1|h:4|t:1|h:0|t:2|h:4",15,10,5,30,25,0.4803486466407776,0.7132350142034811,0.5555415153503418,0.6968615055084229,0.6865142811214733,0.9812554121017456,0.13767257800348656,305.6891679763794,15.0,5599.0,0.0
30,16,1526,param_vqc,"t:1|t:0|cx:2,0|cx:3,4|h:2|t:1|h:0|h:3|h:1|t:5|h:0|t:0|t:1|cx:4,5|cx:1,3|h:2|t:5|h:4|h:4|h:5|h:0|t:0|h:3|cx:0,5|h:1|h:4|t:1|h:0|t:2|h:4",15,10,5,30,25,0.4754906892776489,0.7165610941670565,0.5648146867752075,0.6912206411361694,0.6812867665875266,0.9522232413291931,0.2197950298871596,361.1094331741333,15.0,890.0,25.0
30,17,1527,fixed_e2e,"t:4|t:2|cx:2,5|h:5|cx:5,3|cx:2,0|cx:1,4|h:5|h:4|h:3|h:2|cx:5,4|cx:4,0|t:1|t:2|cx:4,3|cx:4,1|t:5|h:3|h:4|h:0|t:5|h:2|h:1|h:1|cx:4,2|cx:3,5|t:2|t:3|t:3",11,9,10,30,20,0.47504568099975586,0.7168650581714785,0.5588042736053467,0.6904596090316772,0.6787706552975579,0.9865557551383972,0.11659433128387892,311.050274848938,15.0,5599.0,0.0
30,17,1527,param_vqc,"t:4|t:2|cx:2,5|h:5|cx:5,3|cx:2,0|cx:1,4|h:5|h:4|h:3|h:2|cx:5,4|cx:4,0|t:1|t:2|cx:4,3|cx:4,1|t:5|h:3|h:4|h:0|t:5|h:2|h:1|h:1|cx:4,2|cx:3,5|t:2|t:3|t:3",11,9,10,30,20,0.4534590244293213,0.731455661512026,0.5716541409492493,0.6765450239181519,0.6655914942832588,0.9572491645812988,0.20791305031112747,331.24102783203125,15.0,885.0,20.0
30,18,1528,fixed_e2e,"t:1|t:2|h:4|cx:3,5|cx:4,1|h:4|t:5|t:1|h:5|cx:5,4|t:2|cx:3,1|h:0|h:3|t:5|cx:2,5|t:5|h:2|cx:4,5|t:4|h:4|cx:3,0|cx:5,1|t:4|h:4|t:3|cx:4,3|cx:1,3|t:4|t:4",8,12,10,30,20,0.4810625910758972,0.71274492002809,0.5624115467071533,0.6949212551116943,0.6814006493637175,0.9795218110084534,0.14389822848492415,311.9149580001831,15.0,5599.0,0.0
30,18,1528,param_vqc,"t:1|t:2|h:4|cx:3,5|cx:4,1|h:4|t:5|t:1|h:5|cx:5,4|t:2|cx:3,1|h:0|h:3|t:5|cx:2,5|t:5|h:2|cx:4,5|t:4|h:4|cx:3,0|cx:5,1|t:4|h:4|t:3|cx:4,3|cx:1,3|t:4|t:4",8,12,10,30,20,0.45614415407180786,0.7296566452266442,0.5697672367095947,0.6787712574005127,0.664264118172259,0.9387399554252625,0.2488847009486763,326.8305079936981,15.0,885.0,20.0
30,19,1529,fixed_e2e,"h:4|h:3|cx:3,2|t:3|cx:2,5|cx:4,0|cx:3,1|cx:3,1|h:3|cx:1,5|t:3|h:3|t:4|t:3|t:2|t:1|h:2|h:5|h:2|cx:4,5|t:5|cx:5,3|cx:3,1|cx:0,3|h:3|t:1|t:3|t:5|t:4|t:1",8,12,10,30,20,0.47217196226119995,0.7188245071271996,0.5602964758872986,0.6894274353981018,0.6772648640223603,0.9813209176063538,0.13743183277739873,311.31175804138184,15.0,5599.0,0.0
30,19,1529,param_vqc,"h:4|h:3|cx:3,2|t:3|cx:2,5|cx:4,0|cx:3,1|cx:3,1|h:3|cx:1,5|t:3|h:3|t:4|t:3|t:2|t:1|h:2|h:5|h:2|cx:4,5|t:5|cx:5,3|cx:3,1|cx:0,3|h:3|t:1|t:3|t:5|t:4|t:1",8,12,10,30,20,0.45838767290115356,0.7281500586916939,0.568549394607544,0.6792341470718384,0.6671916960273018,0.9633409976959229,0.1925307445776444,324.6349501609802,15.0,885.0,20.0
30,20,1530,fixed_e2e,"h:2|h:0|t:1|t:5|h:3|t:5|cx:5,2|t:3|t:2|h:3|t:3|cx:5,3|t:2|cx:5,3|cx:3,2|cx:1,0|cx:0,2|cx:3,4|t:2|h:1|t:0|cx:1,4|cx:2,5|t:3|h:2|t:3|t:5|t:5|h:2|h:4",8,13,9,30,21,0.46813350915908813,0.7215691715426031,0.5625651478767395,0.6849298477172852,0.6740845965356013,0.9861527681350708,0.11832892526668029,309.49016785621643,15.0,5599.0,0.0
30,20,1530,param_vqc,"h:2|h:0|t:1|t:5|h:3|t:5|cx:5,2|t:3|t:2|h:3|t:3|cx:5,3|t:2|cx:5,3|cx:3,2|cx:1,0|cx:0,2|cx:3,4|t:2|h:1|t:0|cx:1,4|cx:2,5|t:3|h:2|t:3|t:5|t:5|h:2|h:4",8,13,9,30,21,0.47244352102279663,0.7186395726168738,0.5606994032859802,0.688683271408081,0.6742338328679767,0.9614775776863098,0.19736329106515355,329.3184540271759,15.0,886.0,21.0
30,21,1531,fixed_e2e,"cx:1,3|cx:5,1|cx:4,0|cx:5,2|t:5|t:3|t:0|cx:5,1|t:2|cx:3,4|t:0|t:2|h:3|h:4|cx:0,4|t:5|t:3|t:4|t:3|h:3|t:5|t:5|cx:4,0|h:3|t:5|h:0|h:3|t:3|h:3|t:1",7,15,8,30,22,0.4711953401565552,0.719489173611538,0.5594496726989746,0.689476728439331,0.6817255157159047,0.984555721282959,0.12496645298454366,308.8320121765137,15.0,5599.0,0.0
30,21,1531,param_vqc,"cx:1,3|cx:5,1|cx:4,0|cx:5,2|t:5|t:3|t:0|cx:5,1|t:2|cx:3,4|t:0|t:2|h:3|h:4|cx:0,4|t:5|t:3|t:4|t:3|h:3|t:5|t:5|cx:4,0|h:3|t:5|h:0|h:3|t:3|h:3|t:1",7,15,8,30,22,0.458237886428833,0.728250777550913,0.5706470608711243,0.6788160800933838,0.6725493538399819,0.9291966557502747,0.2675694234505179,328.7944440841675,15.0,887.0,22.0
30,22,1532,fixed_e2e,"cx:1,2|h:0|t:3|t:5|h:4|cx:2,3|h:3|h:0|t:0|t:3|cx:0,2|cx:0,1|h:5|h:3|t:5|t:0|t:1|t:2|t:2|h:2|cx:3,5|h:1|cx:0,5|h:4|t:0|cx:0,5|t:2|h:2|cx:3,5|cx:2,5",10,11,9,30,21,0.47788453102111816,0.7149240834274256,0.5565839409828186,0.6917065382003784,0.6832109813629236,0.9839544892311096,0.1273755528224632,310.3458180427551,15.0,5599.0,0.0
30,22,1532,param_vqc,"cx:1,2|h:0|t:3|t:5|h:4|cx:2,3|h:3|h:0|t:0|t:3|cx:0,2|cx:0,1|h:5|h:3|t:5|t:0|t:1|t:2|t:2|h:2|cx:3,5|h:1|cx:0,5|h:4|t:0|cx:0,5|t:2|h:2|cx:3,5|cx:2,5",10,11,9,30,21,0.4614201784133911,0.7261087785203563,0.5690413117408752,0.6811518669128418,0.67497109021614,0.9167124629020691,0.29020145635176986,331.9585909843445,15.0,886.0,21.0
30,23,1533,fixed_e2e,"cx:4,5|h:1|h:5|t:5|h:0|h:2|h:5|h:0|cx:5,1|t:1|t:4|h:1|cx:0,1|h:5|t:2|t:2|cx:0,1|cx:3,5|h:5|t:1|cx:1,2|h:5|h:5|cx:4,5|cx:1,3|t:2|t:5|t:5|h:5|h:1",13,9,8,30,22,0.48251980543136597,0.711743495272306,0.5558756589889526,0.6952988505363464,0.6857670565119116,0.9855070114135742,0.12105669716037462,308.42883110046387,15.0,5599.0,0.0
30,23,1533,param_vqc,"cx:4,5|h:1|h:5|t:5|h:0|h:2|h:5|h:0|cx:5,1|t:1|t:4|h:1|cx:0,1|h:5|t:2|t:2|cx:0,1|cx:3,5|h:5|t:1|cx:1,2|h:5|h:5|cx:4,5|cx:1,3|t:2|t:5|t:5|h:5|h:1",13,9,8,30,22,0.46720194816589355,0.7222007759488337,0.5727795958518982,0.6867470741271973,0.6755523320719758,0.9466285705566406,0.23230795913632443,343.5879559516907,15.0,887.0,22.0
30,24,1534,fixed_e2e,"t:1|cx:3,4|h:2|h:1|h:0|t:2|cx:2,4|cx:5,4|h:2|h:5|cx:2,5|cx:4,3|cx:2,0|t:3|cx:0,4|h:4|h:1|h:0|h:1|h:5|t:1|h:5|t:4|h:0|h:0|cx:1,2|t:4|t:5|h:2|h:2",15,7,8,30,22,0.4785683751106262,0.7144557546126088,0.5565394759178162,0.6956971883773804,0.6841512224042725,0.9856113195419312,0.1206201243279929,309.35619497299194,15.0,5599.0,0.0
30,24,1534,param_vqc,"t:1|cx:3,4|h:2|h:1|h:0|t:2|cx:2,4|cx:5,4|h:2|h:5|cx:2,5|cx:4,3|cx:2,0|t:3|cx:0,4|h:4|h:1|h:0|h:1|h:5|t:1|h:5|t:4|h:0|h:0|cx:1,2|t:4|t:5|h:2|h:2",15,7,8,30,22,0.45402824878692627,0.7310746479901971,0.5709013938903809,0.677230715751648,0.6662778842284239,0.9592269659042358,0.2030467469529456,350.63383316993713,15.0,887.0,22.0
30,25,1535,fixed_e2e,"h:4|h:1|h:4|t:0|h:5|t:2|cx:2,4|t:3|h:1|cx:5,0|cx:1,0|cx:5,1|cx:5,0|cx:0,3|t:2|t:4|cx:2,1|cx:3,2|h:1|t:4|t:4|t:5|cx:5,1|h:2|t:0|h:0|t:3|h:5|cx:3,0|h:2",10,10,10,30,20,0.46570563316345215,0.723214176386534,0.5648952126502991,0.6849894523620605,0.6725482990406187,0.9838559627532959,0.12776603860404448,310.5363051891327,15.0,5599.0,0.0
30,25,1535,param_vqc,"h:4|h:1|h:4|t:0|h:5|t:2|cx:2,4|t:3|h:1|cx:5,0|cx:1,0|cx:5,1|cx:5,0|cx:0,3|t:2|t:4|cx:2,1|cx:3,2|h:1|t:4|t:4|t:5|cx:5,1|h:2|t:0|h:0|t:3|h:5|cx:3,0|h:2",10,10,10,30,20,0.4531715512275696,0.7316479879600437,0.5734994411468506,0.6778016686439514,0.6641615300454293,0.9636272192001343,0.191777569795641,328.91809582710266,15.0,885.0,20.0
30,26,1536,fixed_e2e,"cx:0,2|t:4|cx:5,3|t:1|cx:1,2|h:4|cx:2,0|h:5|h:1|cx:2,3|h:4|t:3|t:3|h:2|cx:3,5|cx:2,1|t:4|h:4|cx:2,1|t:3|h:2|h:3|t:3|cx:2,0|cx:5,2|t:5|t:1|h:2|h:5|cx:3,1",10,9,11,30,19,0.47810399532318115,0.714773789614679,0.556493878364563,0.6927944421768188,0.6802293124484019,0.9877287745475769,0.11139185235937485,313.3541738986969,15.0,5599.0,0.0
30,26,1536,param_vqc,"cx:0,2|t:4|cx:5,3|t:1|cx:1,2|h:4|cx:2,0|h:5|h:1|cx:2,3|h:4|t:3|t:3|h:2|cx:3,5|cx:2,1|t:4|h:4|cx:2,1|t:3|h:2|h:3|t:3|cx:2,0|cx:5,2|t:5|t:1|h:2|h:5|cx:3,1",10,9,11,30,19,0.46747875213623047,0.7220131564354964,0.5636030435562134,0.6863585114479065,0.6727523019781327,0.9669575691223145,0.18278705631789996,325.34214091300964,15.0,884.0,19.0
30,27,1537,fixed_e2e,"t:3|t:2|t:4|cx:5,2|t:4|cx:1,5|h:3|cx:4,0|cx:2,1|t:5|cx:4,5|h:3|cx:1,0|cx:1,4|h:1|cx:1,4|cx:3,4|h:5|h:1|cx:1,0|t:5|t:2|cx:1,0|t:4|cx:5,0|h:4|t:1|h:4|cx:1,0|t:1",7,10,13,30,17,0.47210693359375,0.7188687848330052,0.5627935528755188,0.6893646121025085,0.6753670903411129,0.9840377569198608,0.12704472538371936,314.00408387184143,15.0,5599.0,0.0
30,27,1537,param_vqc,"t:3|t:2|t:4|cx:5,2|t:4|cx:1,5|h:3|cx:4,0|cx:2,1|t:5|cx:4,5|h:3|cx:1,0|cx:1,4|h:1|cx:1,4|cx:3,4|h:5|h:1|cx:1,0|t:5|t:2|cx:1,0|t:4|cx:5,0|h:4|t:1|h:4|cx:1,0|t:1",7,10,13,30,17,0.4612521529197693,0.7262220097595907,0.5697665810585022,0.680433988571167,0.6706897899693745,0.9539877772331238,0.2156980867498644,309.3068358898163,15.0,882.0,17.0
30,28,1538,fixed_e2e,"h:5|h:4|h:0|h:3|h:3|cx:0,1|h:5|cx:2,3|cx:4,2|t:0|cx:5,1|t:3|cx:1,5|h:5|h:5|cx:0,1|t:1|cx:4,3|h:4|t:1|h:0|h:5|cx:2,4|cx:3,0|h:3|h:0|h:3|t:4|h:3|cx:3,1",15,5,10,30,20,0.4753109812736511,0.7166838595819401,0.5595695972442627,0.6909680962562561,0.6774500939015451,0.986954391002655,0.114852847498016,310.6039528846741,15.0,5599.0,0.0
30,28,1538,param_vqc,"h:5|h:4|h:0|h:3|h:3|cx:0,1|h:5|cx:2,3|cx:4,2|t:0|cx:5,1|t:3|cx:1,5|h:5|h:5|cx:0,1|t:1|cx:4,3|h:4|t:1|h:0|h:5|cx:2,4|cx:3,0|h:3|h:0|h:3|t:4|h:3|cx:3,1",15,5,10,30,20,0.45852577686309814,0.7280572671452511,0.5694965124130249,0.6805143356323242,0.669389091986089,0.9540987610816956,0.21543772691958754,340.04324889183044,15.0,885.0,20.0
30,29,1539,fixed_e2e,"h:2|cx:5,3|cx:3,0|t:1|t:3|t:2|h:1|h:3|cx:3,5|h:4|cx:2,3|cx:2,0|cx:4,1|t:4|cx:4,1|t:3|h:0|h:5|cx:2,1|h:3|cx:3,2|cx:3,1|t:4|h:4|h:2|cx:1,3|cx:5,1|t:0|cx:2,5|h:2",10,7,13,30,17,0.46843498945236206,0.7213645732326381,0.5673383474349976,0.6901063919067383,0.6790118250980268,0.9831092953681946,0.1306873229553286,313.7742757797241,15.0,5599.0,0.0
30,29,1539,param_vqc,"h:2|cx:5,3|cx:3,0|t:1|t:3|t:2|h:1|h:3|cx:3,5|h:4|cx:2,3|cx:2,0|cx:4,1|t:4|cx:4,1|t:3|h:0|h:5|cx:2,1|h:3|cx:3,2|cx:3,1|t:4|h:4|h:2|cx:1,3|cx:5,1|t:0|cx:2,5|h:2",10,7,13,30,17,0.4472895860671997,0.7355724879265856,0.5703105330467224,0.6754131317138672,0.6651583509986875,0.9472769498825073,0.23089254337868356,316.451504945755,15.0,882.0,17.0
